product_info,product_id,region,country,purchase_date,quantity,purchase_price,
Contact Lenses,P-312OPT,North America,United States,1/1/2023,5262," $1,052,400.00 ",
Contact Lenses,P-312OPT,Europe,France,1/1/2023,5374," $1,074,800.00 ",
Pachymeter,P-16PYOPH,Europe,England,1/1/2023,10525," $23,155,000.00 ",
Contact Lenses,P-312OPT,Europe,England,1/1/2023,7443," $1,488,600.00 ",
Ophthalmic Laser,P-1512OPH,Africa,Egypt,1/2/2023,5699," $199,465,000.00 ",
Corneal Topographer,P-320OPH,North America,United States,1/2/2023,7807," $210,789,000.00 ",
Contact Lenses,P-312OPT,Africa,Nigeria,1/2/2023,7011," $1,402,200.00 ",
Optical Coherence Tomography,P-15320OPH,South America,Brazil,1/2/2023,3769," $45,228,000.00 ",
Optical Coherence Tomography,P-15320OPH,South America,Brazil,1/2/2023,5627," $67,524,000.00 ",
Autorefractor,P-1AFOTH,Europe,England,1/3/2023,1129," $10,161,000.00 ",
Ophthalmic Laser,P-1512OPH,Asia,Japan,1/3/2023,5099," $178,465,000.00 ",
Contact Lenses,P-312OPT,Europe,England,1/3/2023,8490," $1,698,000.00 ",
Retinal Camera,P-183OPH,Africa,Nigeria,1/3/2023,10613," $212,260,000.00 ",
Ophthalmic Laser,P-1512OPH,Europe,France,1/3/2023,2713," $94,955,000.00 ",
Slit Lamp Biomicroscope,P-19122OPH,South America,Brazil,1/4/2023,3838," $57,570,000.00 ",
Corneal Topographer,P-320OPH,North America,United States,1/4/2023,7133," $192,591,000.00 ",
Pachymeter,P-16PYOPH,North America,United States,1/4/2023,11644," $25,616,800.00 ",
Autorefractor,P-1AFOTH,North America,United States,1/4/2023,2777," $24,993,000.00 ",
Pachymeter,P-16PYOPH,South America,Brazil,1/4/2023,6172," $13,578,400.00 ",
Optical Coherence Tomography,P-15320OPH,South America,Brazil,1/5/2023,4782," $57,384,000.00 ",
Slit Lamp Biomicroscope,P-19122OPH,Asia,Japan,1/5/2023,5835," $87,525,000.00 ",
Corneal Topographer,P-320OPH,South America,Brazil,1/5/2023,4626," $124,902,000.00 ",
Slit Lamp Biomicroscope,P-19122OPH,Europe,France,1/5/2023,9910," $148,650,000.00 ",
Corneal Topographer,P-320OPH,Africa,Egypt,1/5/2023,1117," $30,159,000.00 ",
Contact Lenses,P-312OPT,Europe,France,1/6/2023,10871," $2,174,200.00 ",
Optical Coherence Tomography,P-15320OPH,Africa,Nigeria,1/6/2023,3244," $38,928,000.00 ",
Optical Coherence Tomography,P-15320OPH,North America,United States,1/6/2023,10306," $123,672,000.00 ",
Ophthalmic Laser,P-1512OPH,Africa,Egypt,1/6/2023,2853," $99,855,000.00 ",
Contact Lenses,P-312OPT,Europe,England,1/6/2023,12868," $2,573,600.00 ",
Contact Lenses,P-312OPT,Europe,England,1/7/2023,10676," $2,135,200.00 ",
Ophthalmic Laser,P-1512OPH,Asia,Japan,1/7/2023,5903," $206,605,000.00 ",
Contact Lenses,P-312OPT,South America,Brazil,1/7/2023,13821," $2,764,200.00 ",
Autorefractor,P-1AFOTH,North America,United States,1/7/2023,1957," $17,613,000.00 ",
Contact Lenses,P-312OPT,Europe,England,1/7/2023,4344," $868,800.00 ",
Corneal Topographer,P-320OPH,Asia,Japan,1/8/2023,1434," $38,718,000.00 ",
Pachymeter,P-16PYOPH,Asia,Japan,1/8/2023,10574," $23,262,800.00 ",
Retinal Camera,P-183OPH,South America,Brazil,1/8/2023,8292," $165,840,000.00 ",
Slit Lamp Biomicroscope,P-19122OPH,Europe,France,1/8/2023,5333," $79,995,000.00 ",
Corneal Topographer,P-320OPH,Europe,France,1/8/2023,4975," $134,325,000.00 ",
Autorefractor,P-1AFOTH,Africa,Nigeria,1/9/2023,6629," $59,661,000.00 ",
Pachymeter,P-16PYOPH,North America,United States,1/9/2023,7978," $17,551,600.00 ",
Optical Coherence Tomography,P-15320OPH,Europe,England,1/9/2023,3573," $42,876,000.00 ",
Slit Lamp Biomicroscope,P-19122OPH,Asia,Japan,1/9/2023,3922," $58,830,000.00 ",
Corneal Topographer,P-320OPH,South America,Brazil,1/9/2023,1134," $30,618,000.00 ",
Corneal Topographer,P-320OPH,North America,United States,1/10/2023,7837," $211,599,000.00 ",
Optical Coherence Tomography,P-15320OPH,Africa,Egypt,1/10/2023,6571," $78,852,000.00 ",
Autorefractor,P-1AFOTH,South America,Brazil,1/10/2023,6680," $60,120,000.00 ",
Retinal Camera,P-183OPH,Africa,Nigeria,1/10/2023,7963," $159,260,000.00 ",
Corneal Topographer,P-320OPH,South America,Brazil,1/10/2023,2055," $55,485,000.00 ",
Contact Lenses,P-312OPT,Africa,Nigeria,1/11/2023,10236," $2,047,200.00 ",
Pachymeter,P-16PYOPH,Africa,Nigeria,1/11/2023,13801," $30,362,200.00 ",
Corneal Topographer,P-320OPH,Europe,England,1/11/2023,5795," $156,465,000.00 ",
Slit Lamp Biomicroscope,P-19122OPH,Europe,France,1/11/2023,8185," $122,775,000.00 ",
Optical Coherence Tomography,P-15320OPH,North America,United States,1/11/2023,6728," $80,736,000.00 ",
Slit Lamp Biomicroscope,P-19122OPH,Africa,Egypt,1/12/2023,9114," $136,710,000.00 ",
Ophthalmic Laser,P-1512OPH,South America,Brazil,1/12/2023,2453," $85,855,000.00 ",
Corneal Topographer,P-320OPH,Africa,Egypt,1/12/2023,6079," $164,133,000.00 ",
Corneal Topographer,P-320OPH,Europe,France,1/12/2023,6330," $170,910,000.00 ",
Autorefractor,P-1AFOTH,Africa,Nigeria,1/12/2023,1855," $16,695,000.00 ",
Slit Lamp Biomicroscope,P-19122OPH,Africa,Egypt,1/13/2023,8306," $124,590,000.00 ",
Contact Lenses,P-312OPT,Africa,Egypt,1/13/2023,6356," $1,271,200.00 ",
Pachymeter,P-16PYOPH,Africa,Egypt,1/13/2023,10324," $22,712,800.00 ",
Slit Lamp Biomicroscope,P-19122OPH,South America,Brazil,1/13/2023,4015," $60,225,000.00 ",
Slit Lamp Biomicroscope,P-19122OPH,North America,United States,1/13/2023,8163," $122,445,000.00 ",
Pachymeter,P-16PYOPH,North America,United States,1/14/2023,7232," $15,910,400.00 ",
Pachymeter,P-16PYOPH,North America,United States,1/14/2023,9491," $20,880,200.00 ",
Autorefractor,P-1AFOTH,North America,United States,1/14/2023,6001," $54,009,000.00 ",
Slit Lamp Biomicroscope,P-19122OPH,North America,United States,1/14/2023,2246," $33,690,000.00 ",
Ophthalmic Laser,P-1512OPH,Europe,England,1/14/2023,4056," $141,960,000.00 ",
Optical Coherence Tomography,P-15320OPH,Asia,Japan,1/15/2023,9925," $119,100,000.00 ",
Slit Lamp Biomicroscope,P-19122OPH,North America,United States,1/15/2023,2380," $35,700,000.00 ",
Ophthalmic Laser,P-1512OPH,South America,Brazil,1/15/2023,2053," $71,855,000.00 ",
Slit Lamp Biomicroscope,P-19122OPH,Africa,Egypt,1/15/2023,6662," $99,930,000.00 ",
Slit Lamp Biomicroscope,P-19122OPH,Africa,Nigeria,1/15/2023,5051," $75,765,000.00 ",
Ophthalmic Laser,P-1512OPH,Africa,Egypt,1/16/2023,1210," $42,350,000.00 ",
Corneal Topographer,P-320OPH,Europe,France,1/16/2023,2232," $60,264,000.00 ",
Optical Coherence Tomography,P-15320OPH,Africa,Egypt,1/16/2023,9297," $111,564,000.00 ",
Optical Coherence Tomography,P-15320OPH,North America,United States,1/16/2023,4410," $52,920,000.00 ",
Autorefractor,P-1AFOTH,South America,Brazil,1/16/2023,3278," $29,502,000.00 ",
Corneal Topographer,P-320OPH,North America,United States,1/17/2023,1881," $50,787,000.00 ",
Optical Coherence Tomography,P-15320OPH,Asia,Japan,1/17/2023,9817," $117,804,000.00 ",
Pachymeter,P-16PYOPH,South America,Brazil,1/17/2023,7224," $15,892,800.00 ",
Ophthalmic Laser,P-1512OPH,South America,Brazil,1/17/2023,1415," $49,525,000.00 ",
Ophthalmic Laser,P-1512OPH,North America,United States,1/17/2023,1422," $49,770,000.00 ",
Ophthalmic Laser,P-1512OPH,Africa,Egypt,1/18/2023,6331," $221,585,000.00 ",
Autorefractor,P-1AFOTH,North America,United States,1/18/2023,6996," $62,964,000.00 ",
Corneal Topographer,P-320OPH,Europe,England,1/18/2023,5718," $154,386,000.00 ",
Slit Lamp Biomicroscope,P-19122OPH,Africa,Nigeria,1/18/2023,3953," $59,295,000.00 ",
Ophthalmic Laser,P-1512OPH,Africa,Nigeria,1/18/2023,1378," $48,230,000.00 ",
Slit Lamp Biomicroscope,P-19122OPH,Africa,Egypt,1/19/2023,2155," $32,325,000.00 ",
Pachymeter,P-16PYOPH,Europe,England,1/19/2023,5061," $11,134,200.00 ",
Retinal Camera,P-183OPH,Europe,France,1/19/2023,8083," $161,660,000.00 ",
Corneal Topographer,P-320OPH,Asia,Japan,1/19/2023,4097," $110,619,000.00 ",
Contact Lenses,P-312OPT,North America,United States,1/19/2023,13705," $2,741,000.00 ",
Pachymeter,P-16PYOPH,Africa,Egypt,1/20/2023,12030," $26,466,000.00 ",
Slit Lamp Biomicroscope,P-19122OPH,Europe,England,1/20/2023,5510," $82,650,000.00 ",
Slit Lamp Biomicroscope,P-19122OPH,North America,United States,1/20/2023,8648," $129,720,000.00 ",
Slit Lamp Biomicroscope,P-19122OPH,South America,Brazil,1/20/2023,9568," $143,520,000.00 ",
Retinal Camera,P-183OPH,South America,Brazil,1/20/2023,6103," $122,060,000.00 ",
Corneal Topographer,P-320OPH,Africa,Egypt,1/21/2023,6612," $178,524,000.00 ",
Slit Lamp Biomicroscope,P-19122OPH,Africa,Egypt,1/21/2023,2180," $32,700,000.00 ",
Optical Coherence Tomography,P-15320OPH,Europe,England,1/21/2023,7070," $84,840,000.00 ",
Pachymeter,P-16PYOPH,Africa,Nigeria,1/21/2023,10834," $23,834,800.00 ",
Corneal Topographer,P-320OPH,Europe,France,1/21/2023,7536," $203,472,000.00 ",
Contact Lenses,P-312OPT,Asia,Japan,1/22/2023,13173," $2,634,600.00 ",
Contact Lenses,P-312OPT,Africa,Nigeria,1/22/2023,13950," $2,790,000.00 ",
Ophthalmic Laser,P-1512OPH,Asia,Japan,1/22/2023,7070," $247,450,000.00 ",
Corneal Topographer,P-320OPH,North America,United States,1/22/2023,1313," $35,451,000.00 ",
Slit Lamp Biomicroscope,P-19122OPH,North America,United States,1/22/2023,9552," $143,280,000.00 ",
Contact Lenses,P-312OPT,Africa,Egypt,1/23/2023,6067," $1,213,400.00 ",
Optical Coherence Tomography,P-15320OPH,Europe,France,1/23/2023,5294," $63,528,000.00 ",
Retinal Camera,P-183OPH,Europe,England,1/23/2023,15071," $301,420,000.00 ",
Ophthalmic Laser,P-1512OPH,Europe,France,1/23/2023,5325," $186,375,000.00 ",
Corneal Topographer,P-320OPH,Africa,Egypt,1/23/2023,5325," $143,775,000.00 ",
Ophthalmic Laser,P-1512OPH,North America,United States,1/24/2023,4415," $154,525,000.00 ",
Ophthalmic Laser,P-1512OPH,North America,United States,1/24/2023,4888," $171,080,000.00 ",
Autorefractor,P-1AFOTH,Africa,Egypt,1/24/2023,7550," $67,950,000.00 ",
Optical Coherence Tomography,P-15320OPH,Europe,France,1/24/2023,11475," $137,700,000.00 ",
Ophthalmic Laser,P-1512OPH,Africa,Egypt,1/24/2023,3175," $111,125,000.00 ",
Slit Lamp Biomicroscope,P-19122OPH,Africa,Nigeria,1/25/2023,7197," $107,955,000.00 ",
Pachymeter,P-16PYOPH,Europe,England,1/25/2023,7241," $15,930,200.00 ",
Contact Lenses,P-312OPT,Africa,Egypt,1/25/2023,9673," $1,934,600.00 ",
Optical Coherence Tomography,P-15320OPH,North America,United States,1/25/2023,9105," $109,260,000.00 ",
Slit Lamp Biomicroscope,P-19122OPH,Europe,England,1/25/2023,7374," $110,610,000.00 ",
Autorefractor,P-1AFOTH,Africa,Egypt,1/26/2023,5293," $47,637,000.00 ",
Autorefractor,P-1AFOTH,Asia,Japan,1/26/2023,2403," $21,627,000.00 ",
Retinal Camera,P-183OPH,Europe,England,1/26/2023,9739," $194,780,000.00 ",
Ophthalmic Laser,P-1512OPH,Europe,England,1/26/2023,5081," $177,835,000.00 ",
Slit Lamp Biomicroscope,P-19122OPH,Africa,Nigeria,1/26/2023,9235," $138,525,000.00 ",
Optical Coherence Tomography,P-15320OPH,Europe,France,1/27/2023,7115," $85,380,000.00 ",
Pachymeter,P-16PYOPH,South America,Brazil,1/27/2023,6784," $14,924,800.00 ",
Slit Lamp Biomicroscope,P-19122OPH,North America,United States,1/27/2023,2100," $31,500,000.00 ",
Contact Lenses,P-312OPT,North America,United States,1/27/2023,12063," $2,412,600.00 ",
Slit Lamp Biomicroscope,P-19122OPH,Europe,France,1/27/2023,4730," $70,950,000.00 ",
Corneal Topographer,P-320OPH,North America,United States,1/28/2023,6781," $183,087,000.00 ",
Retinal Camera,P-183OPH,Europe,England,1/28/2023,13111," $262,220,000.00 ",
Pachymeter,P-16PYOPH,Asia,Japan,1/28/2023,7514," $16,530,800.00 ",
Pachymeter,P-16PYOPH,Africa,Egypt,1/28/2023,13500," $29,700,000.00 ",
Contact Lenses,P-312OPT,North America,United States,1/28/2023,4709," $941,800.00 ",
Autorefractor,P-1AFOTH,South America,Brazil,1/29/2023,6686," $60,174,000.00 ",
Corneal Topographer,P-320OPH,Asia,Japan,1/29/2023,7140," $192,780,000.00 ",
Pachymeter,P-16PYOPH,Asia,Japan,1/29/2023,7414," $16,310,800.00 ",
Corneal Topographer,P-320OPH,Africa,Egypt,1/29/2023,2612," $70,524,000.00 ",
Pachymeter,P-16PYOPH,Africa,Nigeria,1/29/2023,6529," $14,363,800.00 ",
Autorefractor,P-1AFOTH,South America,Brazil,1/30/2023,3974," $35,766,000.00 ",
Ophthalmic Laser,P-1512OPH,South America,Brazil,1/30/2023,1257," $43,995,000.00 ",
Slit Lamp Biomicroscope,P-19122OPH,South America,Brazil,1/30/2023,2154," $32,310,000.00 ",
Retinal Camera,P-183OPH,Europe,France,1/30/2023,12088," $241,760,000.00 ",
Corneal Topographer,P-320OPH,North America,United States,1/30/2023,1047," $28,269,000.00 ",
Pachymeter,P-16PYOPH,South America,Brazil,1/31/2023,5239," $11,525,800.00 ",
Optical Coherence Tomography,P-15320OPH,Europe,France,1/31/2023,11832," $141,984,000.00 ",
Slit Lamp Biomicroscope,P-19122OPH,North America,United States,1/31/2023,7769," $116,535,000.00 ",
Optical Coherence Tomography,P-15320OPH,South America,Brazil,1/31/2023,4652," $55,824,000.00 ",
Retinal Camera,P-183OPH,Europe,England,1/31/2023,10680," $213,600,000.00 ",
Autorefractor,P-1AFOTH,North America,United States,2/1/2023,2902," $26,118,000.00 ",
Pachymeter,P-16PYOPH,Africa,Nigeria,2/1/2023,7425," $16,335,000.00 ",
Ophthalmic Laser,P-1512OPH,North America,United States,2/1/2023,7742," $270,970,000.00 ",
Corneal Topographer,P-320OPH,Africa,Nigeria,2/1/2023,7816," $211,032,000.00 ",
Slit Lamp Biomicroscope,P-19122OPH,South America,Brazil,2/1/2023,7033," $105,495,000.00 ",
Ophthalmic Laser,P-1512OPH,South America,Brazil,2/2/2023,2369," $82,915,000.00 ",
Corneal Topographer,P-320OPH,Europe,France,2/2/2023,4362," $117,774,000.00 ",
Pachymeter,P-16PYOPH,Europe,England,2/2/2023,9633," $21,192,600.00 ",
Pachymeter,P-16PYOPH,Europe,England,2/2/2023,10582," $23,280,400.00 ",
Optical Coherence Tomography,P-15320OPH,Europe,England,2/2/2023,3688," $44,256,000.00 ",
Autorefractor,P-1AFOTH,Africa,Egypt,2/3/2023,7193," $64,737,000.00 ",
Slit Lamp Biomicroscope,P-19122OPH,Africa,Nigeria,2/3/2023,6473," $97,095,000.00 ",
Retinal Camera,P-183OPH,Africa,Nigeria,2/3/2023,15568," $311,360,000.00 ",
Optical Coherence Tomography,P-15320OPH,Africa,Nigeria,2/3/2023,8422," $101,064,000.00 ",
Pachymeter,P-16PYOPH,North America,United States,2/3/2023,8073," $17,760,600.00 ",
Slit Lamp Biomicroscope,P-19122OPH,South America,Brazil,2/4/2023,3657," $54,855,000.00 ",
Ophthalmic Laser,P-1512OPH,North America,United States,2/4/2023,5018," $175,630,000.00 ",
Ophthalmic Laser,P-1512OPH,Africa,Egypt,2/4/2023,2717," $95,095,000.00 ",
Autorefractor,P-1AFOTH,Africa,Nigeria,2/4/2023,5932," $53,388,000.00 ",
Ophthalmic Laser,P-1512OPH,Asia,Japan,2/4/2023,5136," $179,760,000.00 ",
Ophthalmic Laser,P-1512OPH,North America,United States,2/5/2023,7335," $256,725,000.00 ",
Ophthalmic Laser,P-1512OPH,Europe,France,2/5/2023,5450," $190,750,000.00 ",
Pachymeter,P-16PYOPH,Europe,France,2/5/2023,9054," $19,918,800.00 ",
Retinal Camera,P-183OPH,North America,United States,2/5/2023,7210," $144,200,000.00 ",
Contact Lenses,P-312OPT,Europe,France,2/5/2023,4096," $819,200.00 ",
Pachymeter,P-16PYOPH,Africa,Nigeria,2/6/2023,6299," $13,857,800.00 ",
Optical Coherence Tomography,P-15320OPH,Africa,Egypt,2/6/2023,5225," $62,700,000.00 ",
Autorefractor,P-1AFOTH,Africa,Nigeria,2/6/2023,6851," $61,659,000.00 ",
Corneal Topographer,P-320OPH,Africa,Egypt,2/6/2023,6842," $184,734,000.00 ",
Autorefractor,P-1AFOTH,South America,Brazil,2/6/2023,1553," $13,977,000.00 ",
Autorefractor,P-1AFOTH,North America,United States,2/7/2023,7373," $66,357,000.00 ",
Retinal Camera,P-183OPH,Europe,England,2/7/2023,15424," $308,480,000.00 ",
Corneal Topographer,P-320OPH,North America,United States,2/7/2023,5718," $154,386,000.00 ",
Ophthalmic Laser,P-1512OPH,Europe,England,2/7/2023,3431," $120,085,000.00 ",
Retinal Camera,P-183OPH,Asia,Japan,2/7/2023,6821," $136,420,000.00 ",
Pachymeter,P-16PYOPH,Africa,Nigeria,2/8/2023,9906," $21,793,200.00 ",
Autorefractor,P-1AFOTH,North America,United States,2/8/2023,1243," $11,187,000.00 ",
Pachymeter,P-16PYOPH,Europe,France,2/8/2023,13571," $29,856,200.00 ",
Ophthalmic Laser,P-1512OPH,Asia,Japan,2/8/2023,7769," $271,915,000.00 ",
Ophthalmic Laser,P-1512OPH,Europe,England,2/8/2023,1625," $56,875,000.00 ",
Autorefractor,P-1AFOTH,Europe,England,2/9/2023,1065," $9,585,000.00 ",
Autorefractor,P-1AFOTH,South America,Brazil,2/9/2023,6232," $56,088,000.00 ",
Slit Lamp Biomicroscope,P-19122OPH,Europe,England,2/9/2023,7701," $115,515,000.00 ",
Slit Lamp Biomicroscope,P-19122OPH,North America,United States,2/9/2023,7302," $109,530,000.00 ",
Autorefractor,P-1AFOTH,South America,Brazil,2/9/2023,2532," $22,788,000.00 ",
Slit Lamp Biomicroscope,P-19122OPH,South America,Brazil,2/10/2023,6172," $92,580,000.00 ",
Slit Lamp Biomicroscope,P-19122OPH,Africa,Egypt,2/10/2023,5411," $81,165,000.00 ",
Ophthalmic Laser,P-1512OPH,Europe,England,2/10/2023,4752," $166,320,000.00 ",
Slit Lamp Biomicroscope,P-19122OPH,North America,United States,2/10/2023,6390," $95,850,000.00 ",
Slit Lamp Biomicroscope,P-19122OPH,South America,Brazil,2/10/2023,5645," $84,675,000.00 ",
Pachymeter,P-16PYOPH,North America,United States,2/11/2023,13658," $30,047,600.00 ",
Retinal Camera,P-183OPH,North America,United States,2/11/2023,15455," $309,100,000.00 ",
Retinal Camera,P-183OPH,Africa,Egypt,2/11/2023,11936," $238,720,000.00 ",
Corneal Topographer,P-320OPH,North America,United States,2/11/2023,2934," $79,218,000.00 ",
Slit Lamp Biomicroscope,P-19122OPH,Europe,France,2/11/2023,8937," $134,055,000.00 ",
Pachymeter,P-16PYOPH,Africa,Egypt,2/12/2023,12901," $28,382,200.00 ",
Retinal Camera,P-183OPH,North America,United States,2/12/2023,11603," $232,060,000.00 ",
Ophthalmic Laser,P-1512OPH,Africa,Egypt,2/12/2023,4757," $166,495,000.00 ",
Optical Coherence Tomography,P-15320OPH,Europe,France,2/12/2023,7564," $90,768,000.00 ",
Autorefractor,P-1AFOTH,Africa,Egypt,2/12/2023,7357," $66,213,000.00 ",
Corneal Topographer,P-320OPH,North America,United States,2/13/2023,6564," $177,228,000.00 ",
Optical Coherence Tomography,P-15320OPH,North America,United States,2/13/2023,10291," $123,492,000.00 ",
Optical Coherence Tomography,P-15320OPH,Asia,Japan,2/13/2023,8357," $100,284,000.00 ",
Retinal Camera,P-183OPH,Africa,Egypt,2/13/2023,9785," $195,700,000.00 ",
Ophthalmic Laser,P-1512OPH,South America,Brazil,2/13/2023,5086," $178,010,000.00 ",
Corneal Topographer,P-320OPH,Europe,England,2/14/2023,1701," $45,927,000.00 ",
Autorefractor,P-1AFOTH,North America,United States,2/14/2023,1581," $14,229,000.00 ",
Pachymeter,P-16PYOPH,South America,Brazil,2/14/2023,4846," $10,661,200.00 ",
Optical Coherence Tomography,P-15320OPH,North America,United States,2/14/2023,6549," $78,588,000.00 ",
Slit Lamp Biomicroscope,P-19122OPH,Africa,Egypt,2/14/2023,9097," $136,455,000.00 ",
Slit Lamp Biomicroscope,P-19122OPH,North America,United States,2/15/2023,9790," $146,850,000.00 ",
Optical Coherence Tomography,P-15320OPH,Africa,Nigeria,2/15/2023,7617," $91,404,000.00 ",
Optical Coherence Tomography,P-15320OPH,South America,Brazil,2/15/2023,11751," $141,012,000.00 ",
Slit Lamp Biomicroscope,P-19122OPH,Asia,Japan,2/15/2023,5929," $88,935,000.00 ",
Optical Coherence Tomography,P-15320OPH,Europe,France,2/15/2023,9865," $118,380,000.00 ",
Retinal Camera,P-183OPH,Asia,Japan,2/16/2023,15713," $314,260,000.00 ",
Pachymeter,P-16PYOPH,Europe,France,2/16/2023,13965," $30,723,000.00 ",
Optical Coherence Tomography,P-15320OPH,Europe,France,2/16/2023,11798," $141,576,000.00 ",
Pachymeter,P-16PYOPH,Africa,Egypt,2/16/2023,8945," $19,679,000.00 ",
Ophthalmic Laser,P-1512OPH,Africa,Egypt,2/16/2023,1470," $51,450,000.00 ",
Pachymeter,P-16PYOPH,Europe,England,2/17/2023,12265," $26,983,000.00 ",
Optical Coherence Tomography,P-15320OPH,South America,Brazil,2/17/2023,5288," $63,456,000.00 ",
Contact Lenses,P-312OPT,North America,United States,2/17/2023,4738," $947,600.00 ",
Retinal Camera,P-183OPH,Africa,Egypt,2/17/2023,8008," $160,160,000.00 ",
Optical Coherence Tomography,P-15320OPH,Asia,Japan,2/17/2023,10432," $125,184,000.00 ",
Slit Lamp Biomicroscope,P-19122OPH,Europe,England,2/18/2023,4486," $67,290,000.00 ",
Pachymeter,P-16PYOPH,North America,United States,2/18/2023,14390," $31,658,000.00 ",
Corneal Topographer,P-320OPH,South America,Brazil,2/18/2023,1360," $36,720,000.00 ",
Autorefractor,P-1AFOTH,North America,United States,2/18/2023,5324," $47,916,000.00 ",
Corneal Topographer,P-320OPH,Africa,Egypt,2/18/2023,1004," $27,108,000.00 ",
Ophthalmic Laser,P-1512OPH,Africa,Nigeria,2/19/2023,2265," $79,275,000.00 ",
Contact Lenses,P-312OPT,Europe,France,2/19/2023,6156," $1,231,200.00 ",
Autorefractor,P-1AFOTH,Asia,Japan,2/19/2023,5384," $48,456,000.00 ",
Ophthalmic Laser,P-1512OPH,North America,United States,2/19/2023,7726," $270,410,000.00 ",
Autorefractor,P-1AFOTH,North America,United States,2/19/2023,7683," $69,147,000.00 ",
Ophthalmic Laser,P-1512OPH,South America,Brazil,2/20/2023,7935," $277,725,000.00 ",
Slit Lamp Biomicroscope,P-19122OPH,Africa,Nigeria,2/20/2023,9951," $149,265,000.00 ",
Pachymeter,P-16PYOPH,Africa,Nigeria,2/20/2023,5224," $11,492,800.00 ",
Contact Lenses,P-312OPT,Europe,England,2/20/2023,5620," $1,124,000.00 ",
Pachymeter,P-16PYOPH,North America,United States,2/20/2023,5718," $12,579,600.00 ",
Slit Lamp Biomicroscope,P-19122OPH,Africa,Nigeria,2/21/2023,9932," $148,980,000.00 ",
Slit Lamp Biomicroscope,P-19122OPH,North America,United States,2/21/2023,3140," $47,100,000.00 ",
Corneal Topographer,P-320OPH,Europe,England,2/21/2023,2358," $63,666,000.00 ",
Retinal Camera,P-183OPH,Asia,Japan,2/21/2023,16054," $321,080,000.00 ",
Slit Lamp Biomicroscope,P-19122OPH,Africa,Egypt,2/21/2023,8158," $122,370,000.00 ",
Optical Coherence Tomography,P-15320OPH,North America,United States,2/22/2023,5429," $65,148,000.00 ",
Slit Lamp Biomicroscope,P-19122OPH,North America,United States,2/22/2023,3631," $54,465,000.00 ",
Retinal Camera,P-183OPH,Africa,Nigeria,2/22/2023,8022," $160,440,000.00 ",
Ophthalmic Laser,P-1512OPH,Africa,Nigeria,2/22/2023,6701," $234,535,000.00 ",
Corneal Topographer,P-320OPH,Europe,England,2/22/2023,7912," $213,624,000.00 ",
Corneal Topographer,P-320OPH,South America,Brazil,2/23/2023,6896," $186,192,000.00 ",
Pachymeter,P-16PYOPH,Africa,Egypt,2/23/2023,9405," $20,691,000.00 ",
Autorefractor,P-1AFOTH,Africa,Egypt,2/23/2023,6588," $59,292,000.00 ",
Pachymeter,P-16PYOPH,Asia,Japan,2/23/2023,10219," $22,481,800.00 ",
Autorefractor,P-1AFOTH,Africa,Egypt,2/23/2023,1684," $15,156,000.00 ",
Slit Lamp Biomicroscope,P-19122OPH,North America,United States,2/24/2023,7061," $105,915,000.00 ",
Ophthalmic Laser,P-1512OPH,Europe,England,2/24/2023,1524," $53,340,000.00 ",
Slit Lamp Biomicroscope,P-19122OPH,Asia,Japan,2/24/2023,4572," $68,580,000.00 ",
Corneal Topographer,P-320OPH,North America,United States,2/24/2023,7722," $208,494,000.00 ",
Corneal Topographer,P-320OPH,Europe,France,2/24/2023,4535," $122,445,000.00 ",
Corneal Topographer,P-320OPH,Africa,Egypt,2/25/2023,3088," $83,376,000.00 ",
Slit Lamp Biomicroscope,P-19122OPH,South America,Brazil,2/25/2023,4695," $70,425,000.00 ",
Corneal Topographer,P-320OPH,North America,United States,2/25/2023,7184," $193,968,000.00 ",
Pachymeter,P-16PYOPH,Europe,England,2/25/2023,6213," $13,668,600.00 ",
Autorefractor,P-1AFOTH,North America,United States,2/25/2023,7009," $63,081,000.00 ",
Corneal Topographer,P-320OPH,Europe,England,2/26/2023,1292," $34,884,000.00 ",
Slit Lamp Biomicroscope,P-19122OPH,North America,United States,2/26/2023,5315," $79,725,000.00 ",
Retinal Camera,P-183OPH,Africa,Egypt,2/26/2023,13770," $275,400,000.00 ",
Slit Lamp Biomicroscope,P-19122OPH,South America,Brazil,2/26/2023,9325," $139,875,000.00 ",
Pachymeter,P-16PYOPH,North America,United States,2/26/2023,9108," $20,037,600.00 ",
Contact Lenses,P-312OPT,Asia,Japan,2/27/2023,12622," $2,524,400.00 ",
Retinal Camera,P-183OPH,North America,United States,2/27/2023,14858," $297,160,000.00 ",
Slit Lamp Biomicroscope,P-19122OPH,Asia,Japan,2/27/2023,7908," $118,620,000.00 ",
Corneal Topographer,P-320OPH,North America,United States,2/27/2023,4768," $128,736,000.00 ",
Contact Lenses,P-312OPT,Europe,France,2/27/2023,8862," $1,772,400.00 ",
Corneal Topographer,P-320OPH,Africa,Nigeria,2/28/2023,5488," $148,176,000.00 ",
Optical Coherence Tomography,P-15320OPH,North America,United States,2/28/2023,5483," $65,796,000.00 ",
Pachymeter,P-16PYOPH,Europe,France,2/28/2023,12198," $26,835,600.00 ",
Optical Coherence Tomography,P-15320OPH,South America,Brazil,2/28/2023,11347," $136,164,000.00 ",
Ophthalmic Laser,P-1512OPH,Africa,Nigeria,2/28/2023,4965," $173,775,000.00 ",
Slit Lamp Biomicroscope,P-19122OPH,South America,Brazil,3/1/2023,2622," $39,330,000.00 ",
Autorefractor,P-1AFOTH,Europe,France,3/1/2023,6803," $61,227,000.00 ",
Pachymeter,P-16PYOPH,North America,United States,3/1/2023,6910," $15,202,000.00 ",
Pachymeter,P-16PYOPH,Africa,Egypt,3/1/2023,7238," $15,923,600.00 ",
Ophthalmic Laser,P-1512OPH,Europe,England,3/1/2023,4123," $144,305,000.00 ",
Pachymeter,P-16PYOPH,North America,United States,3/2/2023,5820," $12,804,000.00 ",
Optical Coherence Tomography,P-15320OPH,South America,Brazil,3/2/2023,7739," $92,868,000.00 ",
Contact Lenses,P-312OPT,North America,United States,3/2/2023,9773," $1,954,600.00 ",
Autorefractor,P-1AFOTH,North America,United States,3/2/2023,5314," $47,826,000.00 ",
Optical Coherence Tomography,P-15320OPH,Europe,France,3/2/2023,6635," $79,620,000.00 ",
Corneal Topographer,P-320OPH,North America,United States,3/3/2023,5569," $150,363,000.00 ",
Retinal Camera,P-183OPH,North America,United States,3/3/2023,15541," $310,820,000.00 ",
Autorefractor,P-1AFOTH,South America,Brazil,3/3/2023,4302," $38,718,000.00 ",
Optical Coherence Tomography,P-15320OPH,North America,United States,3/3/2023,10724," $128,688,000.00 ",
Pachymeter,P-16PYOPH,North America,United States,3/3/2023,14107," $31,035,400.00 ",
Autorefractor,P-1AFOTH,South America,Brazil,3/4/2023,3981," $35,829,000.00 ",
Slit Lamp Biomicroscope,P-19122OPH,Europe,France,3/4/2023,3842," $57,630,000.00 ",
Pachymeter,P-16PYOPH,Africa,Nigeria,3/4/2023,6692," $14,722,400.00 ",
Optical Coherence Tomography,P-15320OPH,Africa,Nigeria,3/4/2023,9877," $118,524,000.00 ",
Retinal Camera,P-183OPH,Europe,France,3/4/2023,9354," $187,080,000.00 ",
Autorefractor,P-1AFOTH,South America,Brazil,3/5/2023,4565," $41,085,000.00 ",
Retinal Camera,P-183OPH,Europe,France,3/5/2023,9746," $194,920,000.00 ",
Optical Coherence Tomography,P-15320OPH,North America,United States,3/5/2023,5632," $67,584,000.00 ",
Autorefractor,P-1AFOTH,Africa,Nigeria,3/5/2023,5661," $50,949,000.00 ",
Slit Lamp Biomicroscope,P-19122OPH,Africa,Egypt,3/5/2023,8049," $120,735,000.00 ",
Pachymeter,P-16PYOPH,Europe,England,3/6/2023,14341," $31,550,200.00 ",
Autorefractor,P-1AFOTH,Asia,Japan,3/6/2023,3549," $31,941,000.00 ",
Slit Lamp Biomicroscope,P-19122OPH,Europe,France,3/6/2023,8900," $133,500,000.00 ",
Ophthalmic Laser,P-1512OPH,Africa,Egypt,3/6/2023,2694," $94,290,000.00 ",
Pachymeter,P-16PYOPH,Africa,Egypt,3/6/2023,7650," $16,830,000.00 ",
Optical Coherence Tomography,P-15320OPH,Africa,Egypt,3/7/2023,10323," $123,876,000.00 ",
Autorefractor,P-1AFOTH,Europe,England,3/7/2023,3338," $30,042,000.00 ",
Contact Lenses,P-312OPT,Africa,Egypt,3/7/2023,8011," $1,602,200.00 ",
Retinal Camera,P-183OPH,North America,United States,3/7/2023,10268," $205,360,000.00 ",
Contact Lenses,P-312OPT,Asia,Japan,3/7/2023,13587," $2,717,400.00 ",
Autorefractor,P-1AFOTH,North America,United States,3/8/2023,6467," $58,203,000.00 ",
Contact Lenses,P-312OPT,Europe,France,3/8/2023,11395," $2,279,000.00 ",
Retinal Camera,P-183OPH,Europe,England,3/8/2023,7088," $141,760,000.00 ",
Optical Coherence Tomography,P-15320OPH,South America,Brazil,3/8/2023,5396," $64,752,000.00 ",
Ophthalmic Laser,P-1512OPH,Europe,France,3/8/2023,7979," $279,265,000.00 ",
Optical Coherence Tomography,P-15320OPH,Europe,England,3/9/2023,6360," $76,320,000.00 ",
Pachymeter,P-16PYOPH,Europe,France,3/9/2023,11270," $24,794,000.00 ",
Slit Lamp Biomicroscope,P-19122OPH,Africa,Egypt,3/9/2023,5898," $88,470,000.00 ",
Pachymeter,P-16PYOPH,Africa,Nigeria,3/9/2023,11313," $24,888,600.00 ",
Slit Lamp Biomicroscope,P-19122OPH,South America,Brazil,3/9/2023,2908," $43,620,000.00 ",
Optical Coherence Tomography,P-15320OPH,Africa,Egypt,3/10/2023,8949," $107,388,000.00 ",
Ophthalmic Laser,P-1512OPH,North America,United States,3/10/2023,7236," $253,260,000.00 ",
Optical Coherence Tomography,P-15320OPH,Asia,Japan,3/10/2023,7693," $92,316,000.00 ",
Contact Lenses,P-312OPT,Europe,France,3/10/2023,9279," $1,855,800.00 ",
Optical Coherence Tomography,P-15320OPH,North America,United States,3/10/2023,4330," $51,960,000.00 ",
Slit Lamp Biomicroscope,P-19122OPH,Africa,Egypt,3/11/2023,8959," $134,385,000.00 ",
Ophthalmic Laser,P-1512OPH,Europe,France,3/11/2023,7844," $274,540,000.00 ",
Slit Lamp Biomicroscope,P-19122OPH,Europe,France,3/11/2023,7675," $115,125,000.00 ",
Slit Lamp Biomicroscope,P-19122OPH,Asia,Japan,3/11/2023,7298," $109,470,000.00 ",
Contact Lenses,P-312OPT,Europe,England,3/11/2023,6229," $1,245,800.00 ",
Contact Lenses,P-312OPT,Europe,France,3/12/2023,5406," $1,081,200.00 ",
Autorefractor,P-1AFOTH,Africa,Nigeria,3/12/2023,7205," $64,845,000.00 ",
Slit Lamp Biomicroscope,P-19122OPH,Africa,Egypt,3/12/2023,6183," $92,745,000.00 ",
Pachymeter,P-16PYOPH,Africa,Egypt,3/12/2023,10618," $23,359,600.00 ",
Pachymeter,P-16PYOPH,Europe,France,3/12/2023,12885," $28,347,000.00 ",
Pachymeter,P-16PYOPH,Europe,France,3/13/2023,13910," $30,602,000.00 ",
Retinal Camera,P-183OPH,North America,United States,3/13/2023,14066," $281,320,000.00 ",
Retinal Camera,P-183OPH,South America,Brazil,3/13/2023,13096," $261,920,000.00 ",
Corneal Topographer,P-320OPH,Asia,Japan,3/13/2023,7518," $202,986,000.00 ",
Autorefractor,P-1AFOTH,Africa,Nigeria,3/13/2023,3101," $27,909,000.00 ",
Contact Lenses,P-312OPT,Asia,Japan,3/14/2023,7339," $1,467,800.00 ",
Optical Coherence Tomography,P-15320OPH,South America,Brazil,3/14/2023,11288," $135,456,000.00 ",
Contact Lenses,P-312OPT,Europe,France,3/14/2023,9753," $1,950,600.00 ",
Corneal Topographer,P-320OPH,South America,Brazil,3/14/2023,2254," $60,858,000.00 ",
Retinal Camera,P-183OPH,Asia,Japan,3/14/2023,12830," $256,600,000.00 ",
Slit Lamp Biomicroscope,P-19122OPH,Asia,Japan,3/15/2023,5662," $84,930,000.00 ",
Optical Coherence Tomography,P-15320OPH,Africa,Egypt,3/15/2023,8850," $106,200,000.00 ",
Contact Lenses,P-312OPT,Africa,Nigeria,3/15/2023,9412," $1,882,400.00 ",
Ophthalmic Laser,P-1512OPH,North America,United States,3/15/2023,2314," $80,990,000.00 ",
Corneal Topographer,P-320OPH,South America,Brazil,3/15/2023,4123," $111,321,000.00 ",
Ophthalmic Laser,P-1512OPH,North America,United States,3/16/2023,7378," $258,230,000.00 ",
Corneal Topographer,P-320OPH,Africa,Nigeria,3/16/2023,5838," $157,626,000.00 ",
Optical Coherence Tomography,P-15320OPH,Europe,France,3/16/2023,6278," $75,336,000.00 ",
Autorefractor,P-1AFOTH,North America,United States,3/16/2023,7506," $67,554,000.00 ",
Pachymeter,P-16PYOPH,North America,United States,3/16/2023,14253," $31,356,600.00 ",
Retinal Camera,P-183OPH,Africa,Nigeria,3/17/2023,13758," $275,160,000.00 ",
Autorefractor,P-1AFOTH,South America,Brazil,3/17/2023,4022," $36,198,000.00 ",
Ophthalmic Laser,P-1512OPH,South America,Brazil,3/17/2023,4941," $172,935,000.00 ",
Pachymeter,P-16PYOPH,Asia,Japan,3/17/2023,5621," $12,366,200.00 ",
Autorefractor,P-1AFOTH,Africa,Egypt,3/17/2023,3670," $33,030,000.00 ",
Retinal Camera,P-183OPH,Asia,Japan,3/18/2023,10057," $201,140,000.00 ",
Slit Lamp Biomicroscope,P-19122OPH,Europe,France,3/18/2023,6237," $93,555,000.00 ",
Slit Lamp Biomicroscope,P-19122OPH,Africa,Egypt,3/18/2023,8087," $121,305,000.00 ",
Optical Coherence Tomography,P-15320OPH,Asia,Japan,3/18/2023,11449," $137,388,000.00 ",
Slit Lamp Biomicroscope,P-19122OPH,North America,United States,3/18/2023,3403," $51,045,000.00 ",
Contact Lenses,P-312OPT,North America,United States,3/19/2023,10000," $2,000,000.00 ",
Retinal Camera,P-183OPH,Africa,Nigeria,3/19/2023,9408," $188,160,000.00 ",
Autorefractor,P-1AFOTH,Africa,Nigeria,3/19/2023,2678," $24,102,000.00 ",
Contact Lenses,P-312OPT,Europe,France,3/19/2023,9916," $1,983,200.00 ",
Slit Lamp Biomicroscope,P-19122OPH,South America,Brazil,3/19/2023,2704," $40,560,000.00 ",
Retinal Camera,P-183OPH,Europe,France,3/20/2023,9291," $185,820,000.00 ",
Corneal Topographer,P-320OPH,Asia,Japan,3/20/2023,2821," $76,167,000.00 ",
Ophthalmic Laser,P-1512OPH,North America,United States,3/20/2023,4435," $155,225,000.00 ",
Contact Lenses,P-312OPT,Africa,Nigeria,3/20/2023,10634," $2,126,800.00 ",
Autorefractor,P-1AFOTH,North America,United States,3/20/2023,2228," $20,052,000.00 ",
Pachymeter,P-16PYOPH,North America,United States,3/21/2023,7576," $16,667,200.00 ",
Slit Lamp Biomicroscope,P-19122OPH,North America,United States,3/21/2023,8718," $130,770,000.00 ",
Retinal Camera,P-183OPH,Africa,Egypt,3/21/2023,8807," $176,140,000.00 ",
Corneal Topographer,P-320OPH,North America,United States,3/21/2023,6881," $185,787,000.00 ",
Slit Lamp Biomicroscope,P-19122OPH,South America,Brazil,3/21/2023,6898," $103,470,000.00 ",
Ophthalmic Laser,P-1512OPH,North America,United States,3/22/2023,7925," $277,375,000.00 ",
Optical Coherence Tomography,P-15320OPH,Africa,Egypt,3/22/2023,8315," $99,780,000.00 ",
Slit Lamp Biomicroscope,P-19122OPH,South America,Brazil,3/22/2023,6969," $104,535,000.00 ",
Corneal Topographer,P-320OPH,North America,United States,3/22/2023,4644," $125,388,000.00 ",
Autorefractor,P-1AFOTH,Africa,Nigeria,3/22/2023,3856," $34,704,000.00 ",
Optical Coherence Tomography,P-15320OPH,South America,Brazil,3/23/2023,7034," $84,408,000.00 ",
Autorefractor,P-1AFOTH,Africa,Egypt,3/23/2023,6996," $62,964,000.00 ",
Pachymeter,P-16PYOPH,North America,United States,3/23/2023,14090," $30,998,000.00 ",
Autorefractor,P-1AFOTH,Europe,England,3/23/2023,7464," $67,176,000.00 ",
Corneal Topographer,P-320OPH,Asia,Japan,3/23/2023,2619," $70,713,000.00 ",
Slit Lamp Biomicroscope,P-19122OPH,Asia,Japan,3/24/2023,2077," $31,155,000.00 ",
Pachymeter,P-16PYOPH,Europe,England,3/24/2023,8735," $19,217,000.00 ",
Optical Coherence Tomography,P-15320OPH,Asia,Japan,3/24/2023,10119," $121,428,000.00 ",
Contact Lenses,P-312OPT,North America,United States,3/24/2023,11377," $2,275,400.00 ",
Retinal Camera,P-183OPH,Asia,Japan,3/24/2023,11564," $231,280,000.00 ",
Optical Coherence Tomography,P-15320OPH,Asia,Japan,3/25/2023,11086," $133,032,000.00 ",
Ophthalmic Laser,P-1512OPH,Africa,Egypt,3/25/2023,7984," $279,440,000.00 ",
Pachymeter,P-16PYOPH,North America,United States,3/25/2023,13839," $30,445,800.00 ",
Pachymeter,P-16PYOPH,Asia,Japan,3/25/2023,5530," $12,166,000.00 ",
Retinal Camera,P-183OPH,Africa,Nigeria,3/25/2023,6578," $131,560,000.00 ",
Contact Lenses,P-312OPT,Asia,Japan,3/26/2023,7462," $1,492,400.00 ",
Pachymeter,P-16PYOPH,Africa,Egypt,3/26/2023,7687," $16,911,400.00 ",
Autorefractor,P-1AFOTH,Africa,Nigeria,3/26/2023,7571," $68,139,000.00 ",
Ophthalmic Laser,P-1512OPH,North America,United States,3/26/2023,7519," $263,165,000.00 ",
Slit Lamp Biomicroscope,P-19122OPH,Africa,Nigeria,3/26/2023,6274," $94,110,000.00 ",
Autorefractor,P-1AFOTH,Asia,Japan,3/27/2023,7647," $68,823,000.00 ",
Corneal Topographer,P-320OPH,Europe,France,3/27/2023,5071," $136,917,000.00 ",
Slit Lamp Biomicroscope,P-19122OPH,Africa,Nigeria,3/27/2023,9395," $140,925,000.00 ",
Slit Lamp Biomicroscope,P-19122OPH,Africa,Egypt,3/27/2023,3358," $50,370,000.00 ",
Pachymeter,P-16PYOPH,Europe,France,3/27/2023,8395," $18,469,000.00 ",
Pachymeter,P-16PYOPH,Europe,France,3/28/2023,9008," $19,817,600.00 ",
Slit Lamp Biomicroscope,P-19122OPH,Europe,France,3/28/2023,9955," $149,325,000.00 ",
Autorefractor,P-1AFOTH,Africa,Egypt,3/28/2023,6246," $56,214,000.00 ",
Corneal Topographer,P-320OPH,Asia,Japan,3/28/2023,4628," $124,956,000.00 ",
Autorefractor,P-1AFOTH,Europe,France,3/28/2023,1489," $13,401,000.00 ",
Slit Lamp Biomicroscope,P-19122OPH,North America,United States,3/29/2023,8409," $126,135,000.00 ",
Pachymeter,P-16PYOPH,Africa,Egypt,3/29/2023,8083," $17,782,600.00 ",
Contact Lenses,P-312OPT,North America,United States,3/29/2023,8674," $1,734,800.00 ",
Autorefractor,P-1AFOTH,Africa,Egypt,3/29/2023,5812," $52,308,000.00 ",
Autorefractor,P-1AFOTH,North America,United States,3/29/2023,2377," $21,393,000.00 ",
Ophthalmic Laser,P-1512OPH,South America,Brazil,3/30/2023,2557," $89,495,000.00 ",
Corneal Topographer,P-320OPH,Europe,England,3/30/2023,1570," $42,390,000.00 ",
Retinal Camera,P-183OPH,Africa,Egypt,3/30/2023,13242," $264,840,000.00 ",
Optical Coherence Tomography,P-15320OPH,North America,United States,3/30/2023,9886," $118,632,000.00 ",
Corneal Topographer,P-320OPH,Europe,England,3/30/2023,7378," $199,206,000.00 ",
Corneal Topographer,P-320OPH,Europe,England,3/31/2023,5809," $156,843,000.00 ",
Ophthalmic Laser,P-1512OPH,Europe,England,3/31/2023,1856," $64,960,000.00 ",
Slit Lamp Biomicroscope,P-19122OPH,Africa,Egypt,3/31/2023,3675," $55,125,000.00 ",
Pachymeter,P-16PYOPH,Asia,Japan,3/31/2023,4866," $10,705,200.00 ",
Pachymeter,P-16PYOPH,North America,United States,3/31/2023,14253," $31,356,600.00 ",
Pachymeter,P-16PYOPH,South America,Brazil,4/1/2023,6772," $14,898,400.00 ",
Optical Coherence Tomography,P-15320OPH,North America,United States,4/1/2023,6382," $76,584,000.00 ",
Pachymeter,P-16PYOPH,Europe,France,4/1/2023,14218," $31,279,600.00 ",
Autorefractor,P-1AFOTH,South America,Brazil,4/1/2023,5010," $45,090,000.00 ",
Corneal Topographer,P-320OPH,North America,United States,4/1/2023,6713," $181,251,000.00 ",
Optical Coherence Tomography,P-15320OPH,Asia,Japan,4/2/2023,4794," $57,528,000.00 ",
Retinal Camera,P-183OPH,Europe,France,4/2/2023,9513," $190,260,000.00 ",
Slit Lamp Biomicroscope,P-19122OPH,Africa,Egypt,4/2/2023,5419," $81,285,000.00 ",
Ophthalmic Laser,P-1512OPH,South America,Brazil,4/2/2023,4524," $158,340,000.00 ",
Autorefractor,P-1AFOTH,Africa,Egypt,4/2/2023,1644," $14,796,000.00 ",
Optical Coherence Tomography,P-15320OPH,South America,Brazil,4/3/2023,9688," $116,256,000.00 ",
Retinal Camera,P-183OPH,North America,United States,4/3/2023,6708," $134,160,000.00 ",
Slit Lamp Biomicroscope,P-19122OPH,South America,Brazil,4/3/2023,5194," $77,910,000.00 ",
Optical Coherence Tomography,P-15320OPH,North America,United States,4/3/2023,7989," $95,868,000.00 ",
Retinal Camera,P-183OPH,Africa,Egypt,4/3/2023,9915," $198,300,000.00 ",
Ophthalmic Laser,P-1512OPH,Europe,France,4/4/2023,3015," $105,525,000.00 ",
Corneal Topographer,P-320OPH,Asia,Japan,4/4/2023,1678," $45,306,000.00 ",
Autorefractor,P-1AFOTH,North America,United States,4/4/2023,7441," $66,969,000.00 ",
Ophthalmic Laser,P-1512OPH,Africa,Nigeria,4/4/2023,5323," $186,305,000.00 ",
Pachymeter,P-16PYOPH,South America,Brazil,4/4/2023,13564," $29,840,800.00 ",
Retinal Camera,P-183OPH,Africa,Nigeria,4/5/2023,6149," $122,980,000.00 ",
Slit Lamp Biomicroscope,P-19122OPH,Europe,England,4/5/2023,8779," $131,685,000.00 ",
Pachymeter,P-16PYOPH,Europe,England,4/5/2023,4847," $10,663,400.00 ",
Retinal Camera,P-183OPH,Asia,Japan,4/5/2023,8151," $163,020,000.00 ",
Autorefractor,P-1AFOTH,North America,United States,4/5/2023,7277," $65,493,000.00 ",
Ophthalmic Laser,P-1512OPH,North America,United States,4/6/2023,6198," $216,930,000.00 ",
Autorefractor,P-1AFOTH,Asia,Japan,4/6/2023,6607," $59,463,000.00 ",
Retinal Camera,P-183OPH,Asia,Japan,4/6/2023,12205," $244,100,000.00 ",
Corneal Topographer,P-320OPH,Europe,France,4/6/2023,4414," $119,178,000.00 ",
Corneal Topographer,P-320OPH,North America,United States,4/6/2023,1332," $35,964,000.00 ",
Optical Coherence Tomography,P-15320OPH,Africa,Egypt,4/7/2023,6882," $82,584,000.00 ",
Retinal Camera,P-183OPH,Asia,Japan,4/7/2023,6128," $122,560,000.00 ",
Optical Coherence Tomography,P-15320OPH,Africa,Nigeria,4/7/2023,8776," $105,312,000.00 ",
Optical Coherence Tomography,P-15320OPH,Africa,Egypt,4/7/2023,8284," $99,408,000.00 ",
Ophthalmic Laser,P-1512OPH,South America,Brazil,4/7/2023,1805," $63,175,000.00 ",
Pachymeter,P-16PYOPH,Africa,Egypt,4/8/2023,12033," $26,472,600.00 ",
Corneal Topographer,P-320OPH,Africa,Egypt,4/8/2023,5630," $152,010,000.00 ",
Slit Lamp Biomicroscope,P-19122OPH,Europe,England,4/8/2023,8745," $131,175,000.00 ",
Retinal Camera,P-183OPH,Europe,England,4/8/2023,8448," $168,960,000.00 ",
Pachymeter,P-16PYOPH,Africa,Egypt,4/8/2023,10694," $23,526,800.00 ",
Ophthalmic Laser,P-1512OPH,Africa,Nigeria,4/9/2023,5739," $200,865,000.00 ",
Pachymeter,P-16PYOPH,North America,United States,4/9/2023,6909," $15,199,800.00 ",
Ophthalmic Laser,P-1512OPH,Europe,France,4/9/2023,4509," $157,815,000.00 ",
Retinal Camera,P-183OPH,North America,United States,4/9/2023,7293," $145,860,000.00 ",
Contact Lenses,P-312OPT,Europe,England,4/9/2023,4815," $963,000.00 ",
Contact Lenses,P-312OPT,South America,Brazil,4/10/2023,6206," $1,241,200.00 ",
Slit Lamp Biomicroscope,P-19122OPH,Africa,Nigeria,4/10/2023,9298," $139,470,000.00 ",
Contact Lenses,P-312OPT,South America,Brazil,4/10/2023,6671," $1,334,200.00 ",
Autorefractor,P-1AFOTH,North America,United States,4/10/2023,4727," $42,543,000.00 ",
Ophthalmic Laser,P-1512OPH,North America,United States,4/10/2023,2009," $70,315,000.00 ",
Optical Coherence Tomography,P-15320OPH,North America,United States,4/11/2023,11587," $139,044,000.00 ",
Corneal Topographer,P-320OPH,North America,United States,4/11/2023,5077," $137,079,000.00 ",
Optical Coherence Tomography,P-15320OPH,Asia,Japan,4/11/2023,4068," $48,816,000.00 ",
Slit Lamp Biomicroscope,P-19122OPH,North America,United States,4/11/2023,5551," $83,265,000.00 ",
Contact Lenses,P-312OPT,South America,Brazil,4/11/2023,6131," $1,226,200.00 ",
Contact Lenses,P-312OPT,North America,United States,4/12/2023,6899," $1,379,800.00 ",
Pachymeter,P-16PYOPH,North America,United States,4/12/2023,8739," $19,225,800.00 ",
Slit Lamp Biomicroscope,P-19122OPH,Asia,Japan,4/12/2023,2008," $30,120,000.00 ",
Ophthalmic Laser,P-1512OPH,North America,United States,4/12/2023,4679," $163,765,000.00 ",
Optical Coherence Tomography,P-15320OPH,Asia,Japan,4/12/2023,5367," $64,404,000.00 ",
Optical Coherence Tomography,P-15320OPH,Asia,Japan,4/13/2023,7835," $94,020,000.00 ",
Autorefractor,P-1AFOTH,Africa,Egypt,4/13/2023,3758," $33,822,000.00 ",
Slit Lamp Biomicroscope,P-19122OPH,Africa,Nigeria,4/13/2023,5142," $77,130,000.00 ",
Slit Lamp Biomicroscope,P-19122OPH,Asia,Japan,4/13/2023,7295," $109,425,000.00 ",
Corneal Topographer,P-320OPH,Asia,Japan,4/13/2023,6431," $173,637,000.00 ",
Corneal Topographer,P-320OPH,Africa,Egypt,4/14/2023,3801," $102,627,000.00 ",
Retinal Camera,P-183OPH,Africa,Egypt,4/14/2023,15762," $315,240,000.00 ",
Slit Lamp Biomicroscope,P-19122OPH,South America,Brazil,4/14/2023,7497," $112,455,000.00 ",
Corneal Topographer,P-320OPH,Asia,Japan,4/14/2023,6984," $188,568,000.00 ",
Corneal Topographer,P-320OPH,Europe,France,4/14/2023,6539," $176,553,000.00 ",
Optical Coherence Tomography,P-15320OPH,Africa,Nigeria,4/15/2023,4904," $58,848,000.00 ",
Retinal Camera,P-183OPH,Africa,Egypt,4/15/2023,8223," $164,460,000.00 ",
Corneal Topographer,P-320OPH,Asia,Japan,4/15/2023,7622," $205,794,000.00 ",
Contact Lenses,P-312OPT,Asia,Japan,4/15/2023,4356," $871,200.00 ",
Contact Lenses,P-312OPT,Europe,England,4/15/2023,11069," $2,213,800.00 ",
Contact Lenses,P-312OPT,North America,United States,4/16/2023,9247," $1,849,400.00 ",
Slit Lamp Biomicroscope,P-19122OPH,North America,United States,4/16/2023,6142," $92,130,000.00 ",
Optical Coherence Tomography,P-15320OPH,South America,Brazil,4/16/2023,6830," $81,960,000.00 ",
Contact Lenses,P-312OPT,Europe,France,4/16/2023,6511," $1,302,200.00 ",
Ophthalmic Laser,P-1512OPH,North America,United States,4/16/2023,4593," $160,755,000.00 ",
Retinal Camera,P-183OPH,Europe,England,4/17/2023,11926," $238,520,000.00 ",
Autorefractor,P-1AFOTH,North America,United States,4/17/2023,1122," $10,098,000.00 ",
Pachymeter,P-16PYOPH,Asia,Japan,4/17/2023,4738," $10,423,600.00 ",
Optical Coherence Tomography,P-15320OPH,North America,United States,4/17/2023,4628," $55,536,000.00 ",
Corneal Topographer,P-320OPH,Europe,England,4/17/2023,6593," $178,011,000.00 ",
Ophthalmic Laser,P-1512OPH,Africa,Nigeria,4/18/2023,5233," $183,155,000.00 ",
Optical Coherence Tomography,P-15320OPH,Asia,Japan,4/18/2023,8374," $100,488,000.00 ",
Autorefractor,P-1AFOTH,Europe,France,4/18/2023,2658," $23,922,000.00 ",
Contact Lenses,P-312OPT,North America,United States,4/18/2023,5429," $1,085,800.00 ",
Contact Lenses,P-312OPT,North America,United States,4/18/2023,11462," $2,292,400.00 ",
Ophthalmic Laser,P-1512OPH,Europe,France,4/19/2023,7549," $264,215,000.00 ",
Pachymeter,P-16PYOPH,Africa,Egypt,4/19/2023,4523," $9,950,600.00 ",
Contact Lenses,P-312OPT,South America,Brazil,4/19/2023,10745," $2,149,000.00 ",
Retinal Camera,P-183OPH,Europe,France,4/19/2023,6076," $121,520,000.00 ",
Pachymeter,P-16PYOPH,North America,United States,4/19/2023,13850," $30,470,000.00 ",
Contact Lenses,P-312OPT,Africa,Egypt,4/20/2023,11271," $2,254,200.00 ",
Pachymeter,P-16PYOPH,North America,United States,4/20/2023,13624," $29,972,800.00 ",
Optical Coherence Tomography,P-15320OPH,Europe,France,4/20/2023,11726," $140,712,000.00 ",
Contact Lenses,P-312OPT,Europe,France,4/20/2023,4941," $988,200.00 ",
Autorefractor,P-1AFOTH,Europe,England,4/20/2023,7738," $69,642,000.00 ",
Contact Lenses,P-312OPT,Europe,England,4/21/2023,9355," $1,871,000.00 ",
Slit Lamp Biomicroscope,P-19122OPH,North America,United States,4/21/2023,9554," $143,310,000.00 ",
Ophthalmic Laser,P-1512OPH,Europe,France,4/21/2023,1635," $57,225,000.00 ",
Corneal Topographer,P-320OPH,Europe,England,4/21/2023,7105," $191,835,000.00 ",
Pachymeter,P-16PYOPH,Europe,England,4/21/2023,6019," $13,241,800.00 ",
Ophthalmic Laser,P-1512OPH,Asia,Japan,4/22/2023,6589," $230,615,000.00 ",
Optical Coherence Tomography,P-15320OPH,Asia,Japan,4/22/2023,9858," $118,296,000.00 ",
Corneal Topographer,P-320OPH,Africa,Nigeria,4/22/2023,1498," $40,446,000.00 ",
Slit Lamp Biomicroscope,P-19122OPH,South America,Brazil,4/22/2023,3371," $50,565,000.00 ",
Corneal Topographer,P-320OPH,Asia,Japan,4/22/2023,7859," $212,193,000.00 ",
Contact Lenses,P-312OPT,South America,Brazil,4/23/2023,13073," $2,614,600.00 ",
Slit Lamp Biomicroscope,P-19122OPH,Europe,England,4/23/2023,7176," $107,640,000.00 ",
Autorefractor,P-1AFOTH,North America,United States,4/23/2023,5077," $45,693,000.00 ",
Retinal Camera,P-183OPH,South America,Brazil,4/23/2023,15305," $306,100,000.00 ",
Corneal Topographer,P-320OPH,Europe,France,4/23/2023,6049," $163,323,000.00 ",
Autorefractor,P-1AFOTH,North America,United States,4/24/2023,6226," $56,034,000.00 ",
Pachymeter,P-16PYOPH,North America,United States,4/24/2023,4872," $10,718,400.00 ",
Pachymeter,P-16PYOPH,Asia,Japan,4/24/2023,10592," $23,302,400.00 ",
Ophthalmic Laser,P-1512OPH,South America,Brazil,4/24/2023,4088," $143,080,000.00 ",
Autorefractor,P-1AFOTH,Asia,Japan,4/24/2023,1362," $12,258,000.00 ",
Retinal Camera,P-183OPH,Europe,France,4/25/2023,11371," $227,420,000.00 ",
Ophthalmic Laser,P-1512OPH,South America,Brazil,4/25/2023,1852," $64,820,000.00 ",
Slit Lamp Biomicroscope,P-19122OPH,North America,United States,4/25/2023,7194," $107,910,000.00 ",
Pachymeter,P-16PYOPH,South America,Brazil,4/25/2023,14113," $31,048,600.00 ",
Slit Lamp Biomicroscope,P-19122OPH,North America,United States,4/25/2023,4954," $74,310,000.00 ",
Ophthalmic Laser,P-1512OPH,Asia,Japan,4/26/2023,2751," $96,285,000.00 ",
Slit Lamp Biomicroscope,P-19122OPH,Europe,England,4/26/2023,6046," $90,690,000.00 ",
Pachymeter,P-16PYOPH,Africa,Egypt,4/26/2023,5348," $11,765,600.00 ",
Pachymeter,P-16PYOPH,Asia,Japan,4/26/2023,11252," $24,754,400.00 ",
Ophthalmic Laser,P-1512OPH,Africa,Egypt,4/26/2023,6968," $243,880,000.00 ",
Optical Coherence Tomography,P-15320OPH,Europe,England,4/27/2023,11536," $138,432,000.00 ",
Ophthalmic Laser,P-1512OPH,Europe,France,4/27/2023,2599," $90,965,000.00 ",
Ophthalmic Laser,P-1512OPH,Africa,Nigeria,4/27/2023,1179," $41,265,000.00 ",
Pachymeter,P-16PYOPH,North America,United States,4/27/2023,8299," $18,257,800.00 ",
Retinal Camera,P-183OPH,North America,United States,4/27/2023,14711," $294,220,000.00 ",
Optical Coherence Tomography,P-15320OPH,Europe,England,4/28/2023,11749," $140,988,000.00 ",
Autorefractor,P-1AFOTH,Africa,Nigeria,4/28/2023,2905," $26,145,000.00 ",
Slit Lamp Biomicroscope,P-19122OPH,Africa,Nigeria,4/28/2023,5266," $78,990,000.00 ",
Autorefractor,P-1AFOTH,Europe,France,4/28/2023,2982," $26,838,000.00 ",
Slit Lamp Biomicroscope,P-19122OPH,South America,Brazil,4/28/2023,3469," $52,035,000.00 ",
Slit Lamp Biomicroscope,P-19122OPH,Europe,England,4/29/2023,5237," $78,555,000.00 ",
Corneal Topographer,P-320OPH,Europe,France,4/29/2023,2208," $59,616,000.00 ",
Ophthalmic Laser,P-1512OPH,Africa,Nigeria,4/29/2023,2502," $87,570,000.00 ",
Contact Lenses,P-312OPT,Europe,France,4/29/2023,5507," $1,101,400.00 ",
Pachymeter,P-16PYOPH,Europe,England,4/29/2023,9926," $21,837,200.00 ",
Autorefractor,P-1AFOTH,North America,United States,4/30/2023,3614," $32,526,000.00 ",
Contact Lenses,P-312OPT,Europe,England,4/30/2023,13513," $2,702,600.00 ",
Pachymeter,P-16PYOPH,South America,Brazil,4/30/2023,9345," $20,559,000.00 ",
Pachymeter,P-16PYOPH,Europe,England,4/30/2023,6620," $14,564,000.00 ",
Contact Lenses,P-312OPT,Africa,Egypt,4/30/2023,11389," $2,277,800.00 ",
Optical Coherence Tomography,P-15320OPH,North America,United States,5/1/2023,6216," $74,592,000.00 ",
Ophthalmic Laser,P-1512OPH,North America,United States,5/1/2023,1138," $39,830,000.00 ",
Contact Lenses,P-312OPT,North America,United States,5/1/2023,7290," $1,458,000.00 ",
Pachymeter,P-16PYOPH,Africa,Egypt,5/1/2023,12942," $28,472,400.00 ",
Optical Coherence Tomography,P-15320OPH,North America,United States,5/1/2023,9616," $115,392,000.00 ",
Optical Coherence Tomography,P-15320OPH,Asia,Japan,5/2/2023,8411," $100,932,000.00 ",
Pachymeter,P-16PYOPH,Africa,Egypt,5/2/2023,12202," $26,844,400.00 ",
Ophthalmic Laser,P-1512OPH,Africa,Egypt,5/2/2023,5452," $190,820,000.00 ",
Contact Lenses,P-312OPT,Africa,Egypt,5/2/2023,12157," $2,431,400.00 ",
Autorefractor,P-1AFOTH,Africa,Nigeria,5/2/2023,3599," $32,391,000.00 ",
Ophthalmic Laser,P-1512OPH,Africa,Nigeria,5/3/2023,3905," $136,675,000.00 ",
Slit Lamp Biomicroscope,P-19122OPH,Europe,France,5/3/2023,7348," $110,220,000.00 ",
Optical Coherence Tomography,P-15320OPH,Europe,England,5/3/2023,8119," $97,428,000.00 ",
Corneal Topographer,P-320OPH,Africa,Egypt,5/3/2023,7121," $192,267,000.00 ",
Autorefractor,P-1AFOTH,Asia,Japan,5/3/2023,1949," $17,541,000.00 ",
Pachymeter,P-16PYOPH,North America,United States,5/4/2023,5995," $13,189,000.00 ",
Corneal Topographer,P-320OPH,Africa,Egypt,5/4/2023,5905," $159,435,000.00 ",
Pachymeter,P-16PYOPH,North America,United States,5/4/2023,12976," $28,547,200.00 ",
Autorefractor,P-1AFOTH,North America,United States,5/4/2023,5887," $52,983,000.00 ",
Retinal Camera,P-183OPH,Africa,Nigeria,5/4/2023,9496," $189,920,000.00 ",
Ophthalmic Laser,P-1512OPH,North America,United States,5/5/2023,1604," $56,140,000.00 ",
Ophthalmic Laser,P-1512OPH,Europe,France,5/5/2023,7932," $277,620,000.00 ",
Autorefractor,P-1AFOTH,North America,United States,5/5/2023,7665," $68,985,000.00 ",
Pachymeter,P-16PYOPH,Europe,England,5/5/2023,8559," $18,829,800.00 ",
Retinal Camera,P-183OPH,Africa,Nigeria,5/5/2023,10811," $216,220,000.00 ",
Pachymeter,P-16PYOPH,Asia,Japan,5/6/2023,5030," $11,066,000.00 ",
Ophthalmic Laser,P-1512OPH,North America,United States,5/6/2023,6448," $225,680,000.00 ",
Retinal Camera,P-183OPH,South America,Brazil,5/6/2023,15857," $317,140,000.00 ",
Contact Lenses,P-312OPT,South America,Brazil,5/6/2023,4466," $893,200.00 ",
Pachymeter,P-16PYOPH,North America,United States,5/6/2023,5935," $13,057,000.00 ",
Corneal Topographer,P-320OPH,South America,Brazil,5/7/2023,4862," $131,274,000.00 ",
Slit Lamp Biomicroscope,P-19122OPH,North America,United States,5/7/2023,7536," $113,040,000.00 ",
Corneal Topographer,P-320OPH,Europe,France,5/7/2023,7428," $200,556,000.00 ",
Ophthalmic Laser,P-1512OPH,Africa,Nigeria,5/7/2023,6906," $241,710,000.00 ",
Autorefractor,P-1AFOTH,Asia,Japan,5/7/2023,2664," $23,976,000.00 ",
Slit Lamp Biomicroscope,P-19122OPH,South America,Brazil,5/8/2023,7511," $112,665,000.00 ",
Contact Lenses,P-312OPT,Europe,England,5/8/2023,6804," $1,360,800.00 ",
Optical Coherence Tomography,P-15320OPH,South America,Brazil,5/8/2023,10682," $128,184,000.00 ",
Corneal Topographer,P-320OPH,North America,United States,5/8/2023,7531," $203,337,000.00 ",
Slit Lamp Biomicroscope,P-19122OPH,North America,United States,5/8/2023,4865," $72,975,000.00 ",
Ophthalmic Laser,P-1512OPH,Africa,Egypt,5/9/2023,2304," $80,640,000.00 ",
Corneal Topographer,P-320OPH,Europe,France,5/9/2023,6389," $172,503,000.00 ",
Corneal Topographer,P-320OPH,South America,Brazil,5/9/2023,6808," $183,816,000.00 ",
Autorefractor,P-1AFOTH,Europe,France,5/9/2023,5828," $52,452,000.00 ",
Optical Coherence Tomography,P-15320OPH,South America,Brazil,5/9/2023,9016," $108,192,000.00 ",
Pachymeter,P-16PYOPH,Europe,France,5/10/2023,12633," $27,792,600.00 ",
Autorefractor,P-1AFOTH,Asia,Japan,5/10/2023,1685," $15,165,000.00 ",
Ophthalmic Laser,P-1512OPH,Europe,France,5/10/2023,1621," $56,735,000.00 ",
Slit Lamp Biomicroscope,P-19122OPH,Africa,Egypt,5/10/2023,3007," $45,105,000.00 ",
Corneal Topographer,P-320OPH,North America,United States,5/10/2023,6208," $167,616,000.00 ",
Ophthalmic Laser,P-1512OPH,Asia,Japan,5/11/2023,5662," $198,170,000.00 ",
Optical Coherence Tomography,P-15320OPH,North America,United States,5/11/2023,4018," $48,216,000.00 ",
Ophthalmic Laser,P-1512OPH,Africa,Egypt,5/11/2023,7123," $249,305,000.00 ",
Contact Lenses,P-312OPT,Africa,Nigeria,5/11/2023,12959," $2,591,800.00 ",
Autorefractor,P-1AFOTH,Africa,Nigeria,5/11/2023,6303," $56,727,000.00 ",
Pachymeter,P-16PYOPH,Europe,England,5/12/2023,9513," $20,928,600.00 ",
Autorefractor,P-1AFOTH,North America,United States,5/12/2023,3811," $34,299,000.00 ",
Pachymeter,P-16PYOPH,North America,United States,5/12/2023,12132," $26,690,400.00 ",
Ophthalmic Laser,P-1512OPH,Europe,England,5/12/2023,6693," $234,255,000.00 ",
Autorefractor,P-1AFOTH,Europe,France,5/12/2023,7636," $68,724,000.00 ",
Slit Lamp Biomicroscope,P-19122OPH,South America,Brazil,5/13/2023,3300," $49,500,000.00 ",
Ophthalmic Laser,P-1512OPH,South America,Brazil,5/13/2023,4219," $147,665,000.00 ",
Slit Lamp Biomicroscope,P-19122OPH,Europe,England,5/13/2023,3713," $55,695,000.00 ",
Slit Lamp Biomicroscope,P-19122OPH,Asia,Japan,5/13/2023,6271," $94,065,000.00 ",
Ophthalmic Laser,P-1512OPH,Asia,Japan,5/13/2023,3411," $119,385,000.00 ",
Corneal Topographer,P-320OPH,Africa,Egypt,5/14/2023,5833," $157,491,000.00 ",
Corneal Topographer,P-320OPH,South America,Brazil,5/14/2023,4798," $129,546,000.00 ",
Contact Lenses,P-312OPT,North America,United States,5/14/2023,8876," $1,775,200.00 ",
Autorefractor,P-1AFOTH,Africa,Egypt,5/14/2023,2306," $20,754,000.00 ",
Pachymeter,P-16PYOPH,North America,United States,5/14/2023,8095," $17,809,000.00 ",
Corneal Topographer,P-320OPH,Africa,Egypt,5/15/2023,3079," $83,133,000.00 ",
Ophthalmic Laser,P-1512OPH,Africa,Egypt,5/15/2023,4452," $155,820,000.00 ",
Ophthalmic Laser,P-1512OPH,Europe,England,5/15/2023,1897," $66,395,000.00 ",
Retinal Camera,P-183OPH,South America,Brazil,5/15/2023,16244," $324,880,000.00 ",
Autorefractor,P-1AFOTH,South America,Brazil,5/15/2023,3409," $30,681,000.00 ",
Optical Coherence Tomography,P-15320OPH,North America,United States,5/16/2023,11364," $136,368,000.00 ",
Contact Lenses,P-312OPT,North America,United States,5/16/2023,12015," $2,403,000.00 ",
Contact Lenses,P-312OPT,North America,United States,5/16/2023,13567," $2,713,400.00 ",
Ophthalmic Laser,P-1512OPH,South America,Brazil,5/16/2023,1492," $52,220,000.00 ",
Retinal Camera,P-183OPH,North America,United States,5/16/2023,14744," $294,880,000.00 ",
Pachymeter,P-16PYOPH,North America,United States,5/17/2023,11799," $25,957,800.00 ",
Corneal Topographer,P-320OPH,Asia,Japan,5/17/2023,4890," $132,030,000.00 ",
Slit Lamp Biomicroscope,P-19122OPH,South America,Brazil,5/17/2023,7507," $112,605,000.00 ",
Pachymeter,P-16PYOPH,North America,United States,5/17/2023,12118," $26,659,600.00 ",
Slit Lamp Biomicroscope,P-19122OPH,Africa,Nigeria,5/17/2023,4572," $68,580,000.00 ",
Optical Coherence Tomography,P-15320OPH,North America,United States,5/18/2023,8142," $97,704,000.00 ",
Optical Coherence Tomography,P-15320OPH,North America,United States,5/18/2023,4136," $49,632,000.00 ",
Retinal Camera,P-183OPH,North America,United States,5/18/2023,8727," $174,540,000.00 ",
Slit Lamp Biomicroscope,P-19122OPH,North America,United States,5/18/2023,4321," $64,815,000.00 ",
Contact Lenses,P-312OPT,Africa,Nigeria,5/18/2023,13947," $2,789,400.00 ",
Slit Lamp Biomicroscope,P-19122OPH,Europe,England,5/19/2023,6911," $103,665,000.00 ",
Pachymeter,P-16PYOPH,Europe,France,5/19/2023,8361," $18,394,200.00 ",
Ophthalmic Laser,P-1512OPH,North America,United States,5/19/2023,4577," $160,195,000.00 ",
Slit Lamp Biomicroscope,P-19122OPH,Africa,Egypt,5/19/2023,9058," $135,870,000.00 ",
Pachymeter,P-16PYOPH,Europe,England,5/19/2023,5490," $12,078,000.00 ",
Pachymeter,P-16PYOPH,South America,Brazil,5/20/2023,13311," $29,284,200.00 ",
Slit Lamp Biomicroscope,P-19122OPH,Africa,Egypt,5/20/2023,9015," $135,225,000.00 ",
Corneal Topographer,P-320OPH,Africa,Nigeria,5/20/2023,3397," $91,719,000.00 ",
Optical Coherence Tomography,P-15320OPH,Europe,France,5/20/2023,4937," $59,244,000.00 ",
Ophthalmic Laser,P-1512OPH,Europe,France,5/20/2023,5085," $177,975,000.00 ",
Slit Lamp Biomicroscope,P-19122OPH,Europe,England,5/21/2023,5676," $85,140,000.00 ",
Pachymeter,P-16PYOPH,North America,United States,5/21/2023,9433," $20,752,600.00 ",
Retinal Camera,P-183OPH,Europe,France,5/21/2023,7773," $155,460,000.00 ",
Autorefractor,P-1AFOTH,Asia,Japan,5/21/2023,5129," $46,161,000.00 ",
Optical Coherence Tomography,P-15320OPH,Europe,England,5/21/2023,9900," $118,800,000.00 ",
Ophthalmic Laser,P-1512OPH,Europe,France,5/22/2023,1797," $62,895,000.00 ",
Contact Lenses,P-312OPT,Asia,Japan,5/22/2023,8467," $1,693,400.00 ",
Slit Lamp Biomicroscope,P-19122OPH,North America,United States,5/22/2023,2588," $38,820,000.00 ",
Slit Lamp Biomicroscope,P-19122OPH,Europe,England,5/22/2023,3757," $56,355,000.00 ",
Slit Lamp Biomicroscope,P-19122OPH,Africa,Egypt,5/22/2023,9906," $148,590,000.00 ",
Slit Lamp Biomicroscope,P-19122OPH,Africa,Nigeria,5/23/2023,3031," $45,465,000.00 ",
Contact Lenses,P-312OPT,Africa,Nigeria,5/23/2023,11350," $2,270,000.00 ",
Corneal Topographer,P-320OPH,Europe,France,5/23/2023,7529," $203,283,000.00 ",
Ophthalmic Laser,P-1512OPH,Europe,France,5/23/2023,2493," $87,255,000.00 ",
Slit Lamp Biomicroscope,P-19122OPH,South America,Brazil,5/23/2023,5331," $79,965,000.00 ",
Slit Lamp Biomicroscope,P-19122OPH,Asia,Japan,5/24/2023,6764," $101,460,000.00 ",
Optical Coherence Tomography,P-15320OPH,Europe,England,5/24/2023,8706," $104,472,000.00 ",
Corneal Topographer,P-320OPH,Africa,Nigeria,5/24/2023,6399," $172,773,000.00 ",
Contact Lenses,P-312OPT,Africa,Nigeria,5/24/2023,10510," $2,102,000.00 ",
Corneal Topographer,P-320OPH,Africa,Nigeria,5/24/2023,2814," $75,978,000.00 ",
Ophthalmic Laser,P-1512OPH,South America,Brazil,5/25/2023,2570," $89,950,000.00 ",
Contact Lenses,P-312OPT,Africa,Egypt,5/25/2023,5382," $1,076,400.00 ",
Retinal Camera,P-183OPH,South America,Brazil,5/25/2023,6743," $134,860,000.00 ",
Retinal Camera,P-183OPH,South America,Brazil,5/25/2023,8245," $164,900,000.00 ",
Slit Lamp Biomicroscope,P-19122OPH,Asia,Japan,5/25/2023,3625," $54,375,000.00 ",
Optical Coherence Tomography,P-15320OPH,Europe,France,5/26/2023,8444," $101,328,000.00 ",
Corneal Topographer,P-320OPH,North America,United States,5/26/2023,6927," $187,029,000.00 ",
Optical Coherence Tomography,P-15320OPH,North America,United States,5/26/2023,4384," $52,608,000.00 ",
Retinal Camera,P-183OPH,North America,United States,5/26/2023,9725," $194,500,000.00 ",
Slit Lamp Biomicroscope,P-19122OPH,Asia,Japan,5/26/2023,9233," $138,495,000.00 ",
Autorefractor,P-1AFOTH,North America,United States,5/27/2023,4087," $36,783,000.00 ",
Retinal Camera,P-183OPH,Asia,Japan,5/27/2023,10880," $217,600,000.00 ",
Pachymeter,P-16PYOPH,Europe,France,5/27/2023,5465," $12,023,000.00 ",
Autorefractor,P-1AFOTH,Asia,Japan,5/27/2023,5417," $48,753,000.00 ",
Contact Lenses,P-312OPT,North America,United States,5/27/2023,9892," $1,978,400.00 ",
Pachymeter,P-16PYOPH,North America,United States,5/28/2023,13151," $28,932,200.00 ",
Contact Lenses,P-312OPT,Asia,Japan,5/28/2023,13585," $2,717,000.00 ",
Contact Lenses,P-312OPT,Africa,Nigeria,5/28/2023,4999," $999,800.00 ",
Corneal Topographer,P-320OPH,North America,United States,5/28/2023,7551," $203,877,000.00 ",
Contact Lenses,P-312OPT,North America,United States,5/28/2023,5384," $1,076,800.00 ",
Corneal Topographer,P-320OPH,Africa,Egypt,5/29/2023,4337," $117,099,000.00 ",
Slit Lamp Biomicroscope,P-19122OPH,Europe,France,5/29/2023,3252," $48,780,000.00 ",
Ophthalmic Laser,P-1512OPH,North America,United States,5/29/2023,6520," $228,200,000.00 ",
Autorefractor,P-1AFOTH,Africa,Egypt,5/29/2023,5728," $51,552,000.00 ",
Optical Coherence Tomography,P-15320OPH,Europe,France,5/29/2023,3423," $41,076,000.00 ",
Corneal Topographer,P-320OPH,North America,United States,5/30/2023,5680," $153,360,000.00 ",
Pachymeter,P-16PYOPH,Africa,Nigeria,5/30/2023,5792," $12,742,400.00 ",
Pachymeter,P-16PYOPH,Africa,Egypt,5/30/2023,5527," $12,159,400.00 ",
Optical Coherence Tomography,P-15320OPH,Europe,England,5/30/2023,7392," $88,704,000.00 ",
Slit Lamp Biomicroscope,P-19122OPH,Africa,Egypt,5/30/2023,5946," $89,190,000.00 ",
Contact Lenses,P-312OPT,Africa,Egypt,5/31/2023,13408," $2,681,600.00 ",
Contact Lenses,P-312OPT,South America,Brazil,5/31/2023,6937," $1,387,400.00 ",
Slit Lamp Biomicroscope,P-19122OPH,Europe,France,5/31/2023,4599," $68,985,000.00 ",
Retinal Camera,P-183OPH,Europe,France,5/31/2023,16488," $329,760,000.00 ",
Optical Coherence Tomography,P-15320OPH,Africa,Nigeria,5/31/2023,11327," $135,924,000.00 ",
Contact Lenses,P-312OPT,Asia,Japan,6/1/2023,10874," $2,174,800.00 ",
Pachymeter,P-16PYOPH,North America,United States,6/1/2023,7199," $15,837,800.00 ",
Autorefractor,P-1AFOTH,North America,United States,6/1/2023,7361," $66,249,000.00 ",
Slit Lamp Biomicroscope,P-19122OPH,Asia,Japan,6/1/2023,7968," $119,520,000.00 ",
Contact Lenses,P-312OPT,North America,United States,6/1/2023,8153," $1,630,600.00 ",
Autorefractor,P-1AFOTH,Africa,Nigeria,6/2/2023,3875," $34,875,000.00 ",
Corneal Topographer,P-320OPH,South America,Brazil,6/2/2023,6251," $168,777,000.00 ",
Pachymeter,P-16PYOPH,Africa,Egypt,6/2/2023,10488," $23,073,600.00 ",
Pachymeter,P-16PYOPH,South America,Brazil,6/2/2023,10268," $22,589,600.00 ",
Ophthalmic Laser,P-1512OPH,Europe,England,6/2/2023,7999," $279,965,000.00 ",
Contact Lenses,P-312OPT,Europe,France,6/3/2023,13642," $2,728,400.00 ",
Ophthalmic Laser,P-1512OPH,North America,United States,6/3/2023,5470," $191,450,000.00 ",
Contact Lenses,P-312OPT,Africa,Egypt,6/3/2023,7051," $1,410,200.00 ",
Slit Lamp Biomicroscope,P-19122OPH,North America,United States,6/3/2023,9642," $144,630,000.00 ",
Optical Coherence Tomography,P-15320OPH,North America,United States,6/3/2023,10222," $122,664,000.00 ",
Autorefractor,P-1AFOTH,Europe,France,6/4/2023,1831," $16,479,000.00 ",
Ophthalmic Laser,P-1512OPH,Asia,Japan,6/4/2023,2371," $82,985,000.00 ",
Slit Lamp Biomicroscope,P-19122OPH,Africa,Nigeria,6/4/2023,7127," $106,905,000.00 ",
Slit Lamp Biomicroscope,P-19122OPH,Africa,Nigeria,6/4/2023,3239," $48,585,000.00 ",
Slit Lamp Biomicroscope,P-19122OPH,North America,United States,6/4/2023,7358," $110,370,000.00 ",
Optical Coherence Tomography,P-15320OPH,South America,Brazil,6/5/2023,11283," $135,396,000.00 ",
Autorefractor,P-1AFOTH,Africa,Nigeria,6/5/2023,1205," $10,845,000.00 ",
Slit Lamp Biomicroscope,P-19122OPH,North America,United States,6/5/2023,7523," $112,845,000.00 ",
Corneal Topographer,P-320OPH,Asia,Japan,6/5/2023,4394," $118,638,000.00 ",
Retinal Camera,P-183OPH,Europe,France,6/5/2023,15131," $302,620,000.00 ",
Slit Lamp Biomicroscope,P-19122OPH,Asia,Japan,6/6/2023,8181," $122,715,000.00 ",
Autorefractor,P-1AFOTH,Europe,England,6/6/2023,2567," $23,103,000.00 ",
Pachymeter,P-16PYOPH,North America,United States,6/6/2023,12473," $27,440,600.00 ",
Corneal Topographer,P-320OPH,Europe,England,6/6/2023,7268," $196,236,000.00 ",
Ophthalmic Laser,P-1512OPH,North America,United States,6/6/2023,6316," $221,060,000.00 ",
Slit Lamp Biomicroscope,P-19122OPH,Europe,England,6/7/2023,5965," $89,475,000.00 ",
Contact Lenses,P-312OPT,North America,United States,6/7/2023,7008," $1,401,600.00 ",
Pachymeter,P-16PYOPH,North America,United States,6/7/2023,14070," $30,954,000.00 ",
Retinal Camera,P-183OPH,Asia,Japan,6/7/2023,11863," $237,260,000.00 ",
Retinal Camera,P-183OPH,Asia,Japan,6/7/2023,10959," $219,180,000.00 ",
Optical Coherence Tomography,P-15320OPH,Africa,Nigeria,6/8/2023,9528," $114,336,000.00 ",
Optical Coherence Tomography,P-15320OPH,Africa,Egypt,6/8/2023,10785," $129,420,000.00 ",
Slit Lamp Biomicroscope,P-19122OPH,Asia,Japan,6/8/2023,2406," $36,090,000.00 ",
Pachymeter,P-16PYOPH,Asia,Japan,6/8/2023,10657," $23,445,400.00 ",
Corneal Topographer,P-320OPH,Europe,England,6/8/2023,2041," $55,107,000.00 ",
Pachymeter,P-16PYOPH,South America,Brazil,6/9/2023,13930," $30,646,000.00 ",
Contact Lenses,P-312OPT,Asia,Japan,6/9/2023,9926," $1,985,200.00 ",
Retinal Camera,P-183OPH,Africa,Egypt,6/9/2023,6409," $128,180,000.00 ",
Optical Coherence Tomography,P-15320OPH,South America,Brazil,6/9/2023,5800," $69,600,000.00 ",
Contact Lenses,P-312OPT,Africa,Egypt,6/9/2023,13857," $2,771,400.00 ",
Corneal Topographer,P-320OPH,Africa,Nigeria,6/10/2023,6100," $164,700,000.00 ",
Pachymeter,P-16PYOPH,North America,United States,6/10/2023,5185," $11,407,000.00 ",
Ophthalmic Laser,P-1512OPH,South America,Brazil,6/10/2023,7746," $271,110,000.00 ",
Autorefractor,P-1AFOTH,North America,United States,6/10/2023,7963," $71,667,000.00 ",
Autorefractor,P-1AFOTH,Asia,Japan,6/10/2023,5945," $53,505,000.00 ",
Corneal Topographer,P-320OPH,Europe,England,6/11/2023,2871," $77,517,000.00 ",
Slit Lamp Biomicroscope,P-19122OPH,Africa,Egypt,6/11/2023,6901," $103,515,000.00 ",
Contact Lenses,P-312OPT,Africa,Nigeria,6/11/2023,9790," $1,958,000.00 ",
Slit Lamp Biomicroscope,P-19122OPH,North America,United States,6/11/2023,2647," $39,705,000.00 ",
Optical Coherence Tomography,P-15320OPH,Africa,Nigeria,6/11/2023,8837," $106,044,000.00 ",
Pachymeter,P-16PYOPH,South America,Brazil,6/12/2023,6084," $13,384,800.00 ",
Retinal Camera,P-183OPH,North America,United States,6/12/2023,6507," $130,140,000.00 ",
Autorefractor,P-1AFOTH,Europe,England,6/12/2023,3634," $32,706,000.00 ",
Contact Lenses,P-312OPT,South America,Brazil,6/12/2023,9943," $1,988,600.00 ",
Ophthalmic Laser,P-1512OPH,Europe,England,6/12/2023,5416," $189,560,000.00 ",
Optical Coherence Tomography,P-15320OPH,Africa,Egypt,6/13/2023,6371," $76,452,000.00 ",
Contact Lenses,P-312OPT,Asia,Japan,6/13/2023,12896," $2,579,200.00 ",
Slit Lamp Biomicroscope,P-19122OPH,Africa,Egypt,6/13/2023,5429," $81,435,000.00 ",
Optical Coherence Tomography,P-15320OPH,Europe,England,6/13/2023,5647," $67,764,000.00 ",
Pachymeter,P-16PYOPH,Asia,Japan,6/13/2023,6545," $14,399,000.00 ",
Slit Lamp Biomicroscope,P-19122OPH,Africa,Nigeria,6/14/2023,2351," $35,265,000.00 ",
Autorefractor,P-1AFOTH,North America,United States,6/14/2023,6776," $60,984,000.00 ",
Ophthalmic Laser,P-1512OPH,South America,Brazil,6/14/2023,2904," $101,640,000.00 ",
Corneal Topographer,P-320OPH,Africa,Nigeria,6/14/2023,6778," $183,006,000.00 ",
Autorefractor,P-1AFOTH,Africa,Egypt,6/14/2023,4473," $40,257,000.00 ",
Retinal Camera,P-183OPH,Europe,England,6/15/2023,13405," $268,100,000.00 ",
Corneal Topographer,P-320OPH,Asia,Japan,6/15/2023,5222," $140,994,000.00 ",
Pachymeter,P-16PYOPH,Europe,France,6/15/2023,4935," $10,857,000.00 ",
Pachymeter,P-16PYOPH,Europe,England,6/15/2023,13368," $29,409,600.00 ",
Pachymeter,P-16PYOPH,South America,Brazil,6/15/2023,13723," $30,190,600.00 ",
Retinal Camera,P-183OPH,North America,United States,6/16/2023,14498," $289,960,000.00 ",
Ophthalmic Laser,P-1512OPH,Asia,Japan,6/16/2023,7034," $246,190,000.00 ",
Ophthalmic Laser,P-1512OPH,North America,United States,6/16/2023,3779," $132,265,000.00 ",
Optical Coherence Tomography,P-15320OPH,Asia,Japan,6/16/2023,7557," $90,684,000.00 ",
Corneal Topographer,P-320OPH,North America,United States,6/16/2023,1803," $48,681,000.00 ",
Corneal Topographer,P-320OPH,Africa,Nigeria,6/17/2023,2206," $59,562,000.00 ",
Pachymeter,P-16PYOPH,North America,United States,6/17/2023,8657," $19,045,400.00 ",
Ophthalmic Laser,P-1512OPH,Europe,France,6/17/2023,6487," $227,045,000.00 ",
Slit Lamp Biomicroscope,P-19122OPH,North America,United States,6/17/2023,6107," $91,605,000.00 ",
Contact Lenses,P-312OPT,North America,United States,6/17/2023,5953," $1,190,600.00 ",
Slit Lamp Biomicroscope,P-19122OPH,North America,United States,6/18/2023,2520," $37,800,000.00 ",
Corneal Topographer,P-320OPH,South America,Brazil,6/18/2023,2639," $71,253,000.00 ",
Contact Lenses,P-312OPT,Europe,England,6/18/2023,6090," $1,218,000.00 ",
Optical Coherence Tomography,P-15320OPH,Europe,France,6/18/2023,8330," $99,960,000.00 ",
Retinal Camera,P-183OPH,North America,United States,6/18/2023,7073," $141,460,000.00 ",
Pachymeter,P-16PYOPH,North America,United States,6/19/2023,13723," $30,190,600.00 ",
Contact Lenses,P-312OPT,Asia,Japan,6/19/2023,12172," $2,434,400.00 ",
Slit Lamp Biomicroscope,P-19122OPH,North America,United States,6/19/2023,4337," $65,055,000.00 ",
Autorefractor,P-1AFOTH,South America,Brazil,6/19/2023,5627," $50,643,000.00 ",
Optical Coherence Tomography,P-15320OPH,Europe,England,6/19/2023,10787," $129,444,000.00 ",
Autorefractor,P-1AFOTH,Europe,England,6/20/2023,2400," $21,600,000.00 ",
Optical Coherence Tomography,P-15320OPH,Europe,France,6/20/2023,11366," $136,392,000.00 ",
Pachymeter,P-16PYOPH,North America,United States,6/20/2023,13841," $30,450,200.00 ",
Pachymeter,P-16PYOPH,Europe,England,6/20/2023,7749," $17,047,800.00 ",
Autorefractor,P-1AFOTH,Asia,Japan,6/20/2023,3931," $35,379,000.00 ",
Slit Lamp Biomicroscope,P-19122OPH,North America,United States,6/21/2023,3304," $49,560,000.00 ",
Corneal Topographer,P-320OPH,Europe,France,6/21/2023,3293," $88,911,000.00 ",
Optical Coherence Tomography,P-15320OPH,North America,United States,6/21/2023,10594," $127,128,000.00 ",
Slit Lamp Biomicroscope,P-19122OPH,North America,United States,6/21/2023,3214," $48,210,000.00 ",
Retinal Camera,P-183OPH,Africa,Nigeria,6/21/2023,7018," $140,360,000.00 ",
Contact Lenses,P-312OPT,Europe,France,6/22/2023,11514," $2,302,800.00 ",
Pachymeter,P-16PYOPH,North America,United States,6/22/2023,13865," $30,503,000.00 ",
Ophthalmic Laser,P-1512OPH,Europe,France,6/22/2023,2936," $102,760,000.00 ",
Optical Coherence Tomography,P-15320OPH,Africa,Nigeria,6/22/2023,4783," $57,396,000.00 ",
Retinal Camera,P-183OPH,Africa,Nigeria,6/22/2023,16251," $325,020,000.00 ",
Optical Coherence Tomography,P-15320OPH,Europe,England,6/23/2023,4197," $50,364,000.00 ",
Optical Coherence Tomography,P-15320OPH,Africa,Nigeria,6/23/2023,8903," $106,836,000.00 ",
Contact Lenses,P-312OPT,Europe,England,6/23/2023,10067," $2,013,400.00 ",
Pachymeter,P-16PYOPH,North America,United States,6/23/2023,6661," $14,654,200.00 ",
Optical Coherence Tomography,P-15320OPH,Africa,Nigeria,6/23/2023,9417," $113,004,000.00 ",
Slit Lamp Biomicroscope,P-19122OPH,North America,United States,6/24/2023,2468," $37,020,000.00 ",
Corneal Topographer,P-320OPH,North America,United States,6/24/2023,4635," $125,145,000.00 ",
Retinal Camera,P-183OPH,North America,United States,6/24/2023,10060," $201,200,000.00 ",
Slit Lamp Biomicroscope,P-19122OPH,Europe,England,6/24/2023,4801," $72,015,000.00 ",
Corneal Topographer,P-320OPH,Europe,England,6/24/2023,5670," $153,090,000.00 ",
Corneal Topographer,P-320OPH,South America,Brazil,6/25/2023,7167," $193,509,000.00 ",
Autorefractor,P-1AFOTH,South America,Brazil,6/25/2023,5362," $48,258,000.00 ",
Optical Coherence Tomography,P-15320OPH,North America,United States,6/25/2023,8639," $103,668,000.00 ",
Corneal Topographer,P-320OPH,North America,United States,6/25/2023,4404," $118,908,000.00 ",
Slit Lamp Biomicroscope,P-19122OPH,Africa,Egypt,6/25/2023,5427," $81,405,000.00 ",
Autorefractor,P-1AFOTH,North America,United States,6/26/2023,3495," $31,455,000.00 ",
Optical Coherence Tomography,P-15320OPH,Africa,Nigeria,6/26/2023,9086," $109,032,000.00 ",
Slit Lamp Biomicroscope,P-19122OPH,Europe,France,6/26/2023,7027," $105,405,000.00 ",
Retinal Camera,P-183OPH,Asia,Japan,6/26/2023,11136," $222,720,000.00 ",
Autorefractor,P-1AFOTH,Asia,Japan,6/26/2023,3186," $28,674,000.00 ",
Retinal Camera,P-183OPH,Asia,Japan,6/27/2023,14735," $294,700,000.00 ",
Optical Coherence Tomography,P-15320OPH,Asia,Japan,6/27/2023,11218," $134,616,000.00 ",
Optical Coherence Tomography,P-15320OPH,Europe,France,6/27/2023,5825," $69,900,000.00 ",
Optical Coherence Tomography,P-15320OPH,Africa,Nigeria,6/27/2023,8171," $98,052,000.00 ",
Ophthalmic Laser,P-1512OPH,North America,United States,6/27/2023,6324," $221,340,000.00 ",
Pachymeter,P-16PYOPH,Europe,France,6/28/2023,13783," $30,322,600.00 ",
Autorefractor,P-1AFOTH,North America,United States,6/28/2023,5140," $46,260,000.00 ",
Pachymeter,P-16PYOPH,Europe,England,6/28/2023,5497," $12,093,400.00 ",
Retinal Camera,P-183OPH,Africa,Egypt,6/28/2023,6312," $126,240,000.00 ",
Optical Coherence Tomography,P-15320OPH,Africa,Nigeria,6/28/2023,6794," $81,528,000.00 ",
Retinal Camera,P-183OPH,Africa,Egypt,6/29/2023,11620," $232,400,000.00 ",
Autorefractor,P-1AFOTH,Africa,Egypt,6/29/2023,2274," $20,466,000.00 ",
Corneal Topographer,P-320OPH,Europe,France,6/29/2023,6933," $187,191,000.00 ",
Optical Coherence Tomography,P-15320OPH,North America,United States,6/29/2023,10159," $121,908,000.00 ",
Ophthalmic Laser,P-1512OPH,South America,Brazil,6/29/2023,7353," $257,355,000.00 ",
Optical Coherence Tomography,P-15320OPH,South America,Brazil,6/30/2023,7639," $91,668,000.00 ",
Ophthalmic Laser,P-1512OPH,South America,Brazil,6/30/2023,3174," $111,090,000.00 ",
Autorefractor,P-1AFOTH,Europe,France,6/30/2023,5753," $51,777,000.00 ",
Autorefractor,P-1AFOTH,Europe,France,6/30/2023,5907," $53,163,000.00 ",
Ophthalmic Laser,P-1512OPH,North America,United States,6/30/2023,1293," $45,255,000.00 ",
Contact Lenses,P-312OPT,North America,United States,7/1/2023,9502," $1,900,400.00 ",
Pachymeter,P-16PYOPH,North America,United States,7/1/2023,11280," $24,816,000.00 ",
Slit Lamp Biomicroscope,P-19122OPH,South America,Brazil,7/1/2023,9681," $145,215,000.00 ",
Retinal Camera,P-183OPH,North America,United States,7/1/2023,13770," $275,400,000.00 ",
Autorefractor,P-1AFOTH,Europe,France,7/1/2023,1509," $13,581,000.00 ",
Autorefractor,P-1AFOTH,North America,United States,7/2/2023,6330," $56,970,000.00 ",
Autorefractor,P-1AFOTH,Africa,Nigeria,7/2/2023,7590," $68,310,000.00 ",
Autorefractor,P-1AFOTH,Europe,England,7/2/2023,4451," $40,059,000.00 ",
Corneal Topographer,P-320OPH,North America,United States,7/2/2023,2743," $74,061,000.00 ",
Slit Lamp Biomicroscope,P-19122OPH,North America,United States,7/2/2023,7975," $119,625,000.00 ",
Pachymeter,P-16PYOPH,Asia,Japan,7/3/2023,13781," $30,318,200.00 ",
Slit Lamp Biomicroscope,P-19122OPH,Europe,France,7/3/2023,9180," $137,700,000.00 ",
Retinal Camera,P-183OPH,Asia,Japan,7/3/2023,11322," $226,440,000.00 ",
Slit Lamp Biomicroscope,P-19122OPH,Africa,Nigeria,7/3/2023,7292," $109,380,000.00 ",
Pachymeter,P-16PYOPH,Africa,Egypt,7/3/2023,4652," $10,234,400.00 ",
Slit Lamp Biomicroscope,P-19122OPH,North America,United States,7/4/2023,5615," $84,225,000.00 ",
Slit Lamp Biomicroscope,P-19122OPH,North America,United States,7/4/2023,2488," $37,320,000.00 ",
Slit Lamp Biomicroscope,P-19122OPH,Asia,Japan,7/4/2023,9275," $139,125,000.00 ",
Ophthalmic Laser,P-1512OPH,North America,United States,7/4/2023,6008," $210,280,000.00 ",
Slit Lamp Biomicroscope,P-19122OPH,Europe,France,7/4/2023,2840," $42,600,000.00 ",
Corneal Topographer,P-320OPH,Asia,Japan,7/5/2023,3016," $81,432,000.00 ",
Optical Coherence Tomography,P-15320OPH,South America,Brazil,7/5/2023,10464," $125,568,000.00 ",
Optical Coherence Tomography,P-15320OPH,Asia,Japan,7/5/2023,10280," $123,360,000.00 ",
Slit Lamp Biomicroscope,P-19122OPH,North America,United States,7/5/2023,2336," $35,040,000.00 ",
Pachymeter,P-16PYOPH,South America,Brazil,7/5/2023,9501," $20,902,200.00 ",
Slit Lamp Biomicroscope,P-19122OPH,Africa,Nigeria,7/6/2023,9572," $143,580,000.00 ",
Slit Lamp Biomicroscope,P-19122OPH,Asia,Japan,7/6/2023,9882," $148,230,000.00 ",
Pachymeter,P-16PYOPH,South America,Brazil,7/6/2023,10354," $22,778,800.00 ",
Corneal Topographer,P-320OPH,North America,United States,7/6/2023,7077," $191,079,000.00 ",
Retinal Camera,P-183OPH,North America,United States,7/6/2023,7602," $152,040,000.00 ",
Slit Lamp Biomicroscope,P-19122OPH,Africa,Nigeria,7/7/2023,7920," $118,800,000.00 ",
Autorefractor,P-1AFOTH,Africa,Egypt,7/7/2023,6974," $62,766,000.00 ",
Corneal Topographer,P-320OPH,Africa,Egypt,7/7/2023,2072," $55,944,000.00 ",
Autorefractor,P-1AFOTH,Africa,Egypt,7/7/2023,6039," $54,351,000.00 ",
Pachymeter,P-16PYOPH,North America,United States,7/7/2023,7793," $17,144,600.00 ",
Optical Coherence Tomography,P-15320OPH,Asia,Japan,7/8/2023,3100," $37,200,000.00 ",
Retinal Camera,P-183OPH,North America,United States,7/8/2023,6883," $137,660,000.00 ",
Optical Coherence Tomography,P-15320OPH,North America,United States,7/8/2023,4253," $51,036,000.00 ",
Contact Lenses,P-312OPT,North America,United States,7/8/2023,7972," $1,594,400.00 ",
Slit Lamp Biomicroscope,P-19122OPH,Asia,Japan,7/8/2023,3823," $57,345,000.00 ",
Optical Coherence Tomography,P-15320OPH,Europe,England,7/9/2023,5228," $62,736,000.00 ",
Optical Coherence Tomography,P-15320OPH,North America,United States,7/9/2023,5031," $60,372,000.00 ",
Contact Lenses,P-312OPT,North America,United States,7/9/2023,8398," $1,679,600.00 ",
Autorefractor,P-1AFOTH,Europe,England,7/9/2023,3237," $29,133,000.00 ",
Contact Lenses,P-312OPT,Africa,Nigeria,7/9/2023,10991," $2,198,200.00 ",
Autorefractor,P-1AFOTH,North America,United States,7/10/2023,1005," $9,045,000.00 ",
Pachymeter,P-16PYOPH,Africa,Nigeria,7/10/2023,9272," $20,398,400.00 ",
Autorefractor,P-1AFOTH,Asia,Japan,7/10/2023,5489," $49,401,000.00 ",
Corneal Topographer,P-320OPH,South America,Brazil,7/10/2023,6280," $169,560,000.00 ",
Optical Coherence Tomography,P-15320OPH,Europe,England,7/10/2023,6842," $82,104,000.00 ",
Slit Lamp Biomicroscope,P-19122OPH,Asia,Japan,7/11/2023,9114," $136,710,000.00 ",
Pachymeter,P-16PYOPH,Europe,England,7/11/2023,11251," $24,752,200.00 ",
Contact Lenses,P-312OPT,North America,United States,7/11/2023,4103," $820,600.00 ",
Autorefractor,P-1AFOTH,Africa,Nigeria,7/11/2023,3664," $32,976,000.00 ",
Contact Lenses,P-312OPT,Europe,France,7/11/2023,4296," $859,200.00 ",
Ophthalmic Laser,P-1512OPH,Europe,France,7/12/2023,4054," $141,890,000.00 ",
Retinal Camera,P-183OPH,Africa,Nigeria,7/12/2023,12703," $254,060,000.00 ",
Contact Lenses,P-312OPT,Asia,Japan,7/12/2023,8559," $1,711,800.00 ",
Ophthalmic Laser,P-1512OPH,Europe,France,7/12/2023,4804," $168,140,000.00 ",
Optical Coherence Tomography,P-15320OPH,North America,United States,7/12/2023,8750," $105,000,000.00 ",
Ophthalmic Laser,P-1512OPH,North America,United States,7/13/2023,6107," $213,745,000.00 ",
Corneal Topographer,P-320OPH,Europe,England,7/13/2023,4961," $133,947,000.00 ",
Retinal Camera,P-183OPH,North America,United States,7/13/2023,6777," $135,540,000.00 ",
Pachymeter,P-16PYOPH,North America,United States,7/13/2023,14399," $31,677,800.00 ",
Corneal Topographer,P-320OPH,Europe,France,7/13/2023,5095," $137,565,000.00 ",
Corneal Topographer,P-320OPH,North America,United States,7/14/2023,4461," $120,447,000.00 ",
Retinal Camera,P-183OPH,Europe,France,7/14/2023,9244," $184,880,000.00 ",
Slit Lamp Biomicroscope,P-19122OPH,North America,United States,7/14/2023,3177," $47,655,000.00 ",
Corneal Topographer,P-320OPH,Africa,Nigeria,7/14/2023,5518," $148,986,000.00 ",
Optical Coherence Tomography,P-15320OPH,Europe,France,7/14/2023,11222," $134,664,000.00 ",
Corneal Topographer,P-320OPH,Asia,Japan,7/15/2023,4492," $121,284,000.00 ",
Contact Lenses,P-312OPT,North America,United States,7/15/2023,10732," $2,146,400.00 ",
Retinal Camera,P-183OPH,North America,United States,7/15/2023,11378," $227,560,000.00 ",
Autorefractor,P-1AFOTH,Africa,Egypt,7/15/2023,4083," $36,747,000.00 ",
Retinal Camera,P-183OPH,North America,United States,7/15/2023,11060," $221,200,000.00 ",
Autorefractor,P-1AFOTH,Europe,England,7/16/2023,6528," $58,752,000.00 ",
Retinal Camera,P-183OPH,North America,United States,7/16/2023,9483," $189,660,000.00 ",
Autorefractor,P-1AFOTH,Asia,Japan,7/16/2023,2248," $20,232,000.00 ",
Corneal Topographer,P-320OPH,Africa,Nigeria,7/16/2023,7120," $192,240,000.00 ",
Optical Coherence Tomography,P-15320OPH,Africa,Nigeria,7/16/2023,6843," $82,116,000.00 ",
Slit Lamp Biomicroscope,P-19122OPH,Europe,France,7/17/2023,2412," $36,180,000.00 ",
Contact Lenses,P-312OPT,Europe,France,7/17/2023,10091," $2,018,200.00 ",
Autorefractor,P-1AFOTH,North America,United States,7/17/2023,7723," $69,507,000.00 ",
Retinal Camera,P-183OPH,North America,United States,7/17/2023,10583," $211,660,000.00 ",
Pachymeter,P-16PYOPH,Africa,Nigeria,7/17/2023,12330," $27,126,000.00 ",
Retinal Camera,P-183OPH,Europe,France,7/18/2023,15364," $307,280,000.00 ",
Corneal Topographer,P-320OPH,Europe,France,7/18/2023,6114," $165,078,000.00 ",
Optical Coherence Tomography,P-15320OPH,Asia,Japan,7/18/2023,9666," $115,992,000.00 ",
Corneal Topographer,P-320OPH,Africa,Egypt,7/18/2023,6695," $180,765,000.00 ",
Autorefractor,P-1AFOTH,Europe,England,7/18/2023,2732," $24,588,000.00 ",
Pachymeter,P-16PYOPH,South America,Brazil,7/19/2023,5668," $12,469,600.00 ",
Slit Lamp Biomicroscope,P-19122OPH,North America,United States,7/19/2023,8761," $131,415,000.00 ",
Retinal Camera,P-183OPH,Europe,England,7/19/2023,7150," $143,000,000.00 ",
Autorefractor,P-1AFOTH,North America,United States,7/19/2023,6733," $60,597,000.00 ",
Corneal Topographer,P-320OPH,North America,United States,7/19/2023,1129," $30,483,000.00 "
