Customer ID, Product Information, Product ID, Purchase Date, Quantity, Price Per Gallon, Transactions, Column8
C-685251,Isopropyl Alcohol,P-15586,1/1/2022,42905,$154.74 ,42905,#$%^%^42905######154.74&^vv^%^
C-684988,Glycol Ethers,P-16484,1/2/2022,7517,$89.46 ,7517,#$%^%^7517######89.46&^vv^%^
C-685080,Sodium Hydroxide,P-12810,1/3/2022,9741,$76.86 ,9741,#$%^%^9741######76.86&^vv^%^
C-685914,Sodium Hydroxide,P-12810,1/4/2022,23241,$76.86 ,23241,#$%^%^23241######76.86&^vv^%^
C-685174,Glycol Ethers,P-16484,1/5/2022,25989,$89.46 ,25989,#$%^%^25989######89.46&^vv^%^
C-684972,Sodium Hydroxide,P-12810,1/6/2022,41801,$76.86 ,41801,#$%^%^41801######76.86&^vv^%^
C-685200,Sodium Hydroxide,P-12810,1/7/2022,21220,$76.86 ,21220,#$%^%^21220######76.86&^vv^%^
C-685055,Hydrogen Peroxide,P-17889,1/8/2022,40007,$57.89 ,40007,#$%^%^40007######57.89&^vv^%^
C-685271,Hydrogen Peroxide,P-17889,1/9/2022,17693,$57.89 ,17693,#$%^%^17693######57.89&^vv^%^
C-685947,Isopropyl Alcohol,P-15586,1/10/2022,43045,$154.74 ,43045,#$%^%^43045######154.74&^vv^%^
C-685949,Hydrogen Peroxide,P-17889,1/11/2022,19388,$57.89 ,19388,#$%^%^19388######57.89&^vv^%^
C-685900,Glycol Ethers,P-16484,1/12/2022,44312,$89.46 ,44312,#$%^%^44312######89.46&^vv^%^
C-685229,Hydrogen Peroxide,P-17889,1/13/2022,27855,$57.89 ,27855,#$%^%^27855######57.89&^vv^%^
C-685118,Sodium Hypochlorite,P-14445,1/14/2022,65447,$45.00 ,65447,#$%^%^65447######45&^vv^%^
C-685808,Sodium Hypochlorite,P-14445,1/15/2022,37215,$45.00 ,37215,#$%^%^37215######45&^vv^%^
C-685093,Hydrochloric Acid,P-13770,1/16/2022,62470,$165.00 ,62470,#$%^%^62470######165&^vv^%^
C-685565,Hydrogen Peroxide,P-17889,1/17/2022,20184,$57.89 ,20184,#$%^%^20184######57.89&^vv^%^
C-685661,Hydrogen Peroxide,P-17889,1/18/2022,5559,$57.89 ,5559,#$%^%^5559######57.89&^vv^%^
C-685234,Glycol Ethers,P-16484,1/19/2022,905,$89.46 ,905,#$%^%^905######89.46&^vv^%^
C-685030,Glycol Ethers,P-16484,1/20/2022,50203,$89.46 ,50203,#$%^%^50203######89.46&^vv^%^
C-685877,Hydrogen Peroxide,P-17889,1/21/2022,6207,$57.89 ,6207,#$%^%^6207######57.89&^vv^%^
C-685037,Hydrogen Peroxide,P-17889,1/22/2022,68388,$57.89 ,68388,#$%^%^68388######57.89&^vv^%^
C-685809,Isopropyl Alcohol,P-15586,1/23/2022,43197,$154.74 ,43197,#$%^%^43197######154.74&^vv^%^
C-685028,Sodium Hypochlorite,P-14445,1/24/2022,331,$45.00 ,331,#$%^%^331######45&^vv^%^
C-685045,Hydrochloric Acid,P-13770,1/25/2022,47833,$165.00 ,47833,#$%^%^47833######165&^vv^%^
C-685145,Hydrogen Peroxide,P-17889,1/26/2022,69006,$57.89 ,69006,#$%^%^69006######57.89&^vv^%^
C-685274,Sodium Hypochlorite,P-14445,1/27/2022,28787,$45.00 ,28787,#$%^%^28787######45&^vv^%^
C-685854,Sodium Hydroxide,P-12810,1/28/2022,2754,$76.86 ,2754,#$%^%^2754######76.86&^vv^%^
C-685881,Isopropyl Alcohol,P-15586,1/29/2022,25267,$154.74 ,25267,#$%^%^25267######154.74&^vv^%^
C-685487,Hydrogen Peroxide,P-17889,1/30/2022,62793,$57.89 ,62793,#$%^%^62793######57.89&^vv^%^
C-685372,Glycol Ethers,P-16484,1/31/2022,19625,$89.46 ,19625,#$%^%^19625######89.46&^vv^%^
C-685642,Glycol Ethers,P-16484,2/1/2022,65702,$89.46 ,65702,#$%^%^65702######89.46&^vv^%^
C-685097,Hydrogen Peroxide,P-17889,2/2/2022,1549,$57.89 ,1549,#$%^%^1549######57.89&^vv^%^
C-685855,Hydrochloric Acid,P-13770,2/3/2022,17802,$165.00 ,17802,#$%^%^17802######165&^vv^%^
C-685216,Glycol Ethers,P-16484,2/4/2022,60417,$89.46 ,60417,#$%^%^60417######89.46&^vv^%^
C-685693,Hydrochloric Acid,P-13770,2/5/2022,27316,$165.00 ,27316,#$%^%^27316######165&^vv^%^
C-685486,Glycol Ethers,P-16484,2/6/2022,57286,$89.46 ,57286,#$%^%^57286######89.46&^vv^%^
C-685912,Glycol Ethers,P-16484,2/7/2022,16760,$89.46 ,16760,#$%^%^16760######89.46&^vv^%^
C-685737,Isopropyl Alcohol,P-15586,2/8/2022,283,$154.74 ,283,#$%^%^283######154.74&^vv^%^
C-685402,Glycol Ethers,P-16484,2/9/2022,26862,$89.46 ,26862,#$%^%^26862######89.46&^vv^%^
C-685313,Hydrogen Peroxide,,2/10/2022,64822,$57.89 ,64822,#$%^%^64822######57.89&^vv^%^
C-685497,Isopropyl Alcohol,P-15586,2/11/2022,60230,$154.74 ,60230,#$%^%^60230######154.74&^vv^%^
C-685011,Isopropyl Alcohol,P-15586,2/12/2022,19391,$154.74 ,19391,#$%^%^19391######154.74&^vv^%^
C-685586,Sodium Hypochlorite,P-14445,2/13/2022,28511,$45.00 ,28511,#$%^%^28511######45&^vv^%^
C-685419,Isopropyl Alcohol,P-15586,2/14/2022,26032,$154.74 ,26032,#$%^%^26032######154.74&^vv^%^
C-685918,Glycol Ethers,P-16484,2/15/2022,43431,$89.46 ,43431,#$%^%^43431######89.46&^vv^%^
C-685535,Hydrogen Peroxide,P-17889,2/16/2022,54109,$57.89 ,54109,#$%^%^54109######57.89&^vv^%^
C-685941,Isopropyl Alcohol,P-15586,2/17/2022,69244,$154.74 ,69244,#$%^%^69244######154.74&^vv^%^
C-684964,Glycol Ethers,P-16484,2/18/2022,44505,$89.46 ,44505,#$%^%^44505######89.46&^vv^%^
C-685508,Sodium Hypochlorite,P-14445,2/19/2022,48564,$45.00 ,48564,#$%^%^48564######45&^vv^%^
C-685853,Hydrogen Peroxide,P-17889,2/20/2022,43865,$57.89 ,43865,#$%^%^43865######57.89&^vv^%^
C-685040,Sodium Hypochlorite,P-14445,2/21/2022,65238,$45.00 ,65238,#$%^%^65238######45&^vv^%^
C-685062,Sodium Hydroxide,P-12810,2/22/2022,7268,$76.86 ,7268,#$%^%^7268######76.86&^vv^%^
C-685898,Sodium Hypochlorite,P-14445,2/23/2022,36142,$45.00 ,36142,#$%^%^36142######45&^vv^%^
C-685623,Isopropyl Alcohol,,2/24/2022,59935,$154.74 ,59935,#$%^%^59935######154.74&^vv^%^
C-685418,Sodium Hypochlorite,P-14445,2/25/2022,66096,$45.00 ,66096,#$%^%^66096######45&^vv^%^
C-685924,Glycol Ethers,P-16484,2/26/2022,43606,$89.46 ,43606,#$%^%^43606######89.46&^vv^%^
C-685213,Hydrochloric Acid,P-13770,2/27/2022,24800,$165.00 ,24800,#$%^%^24800######165&^vv^%^
C-685219,Hydrochloric Acid,P-13770,2/28/2022,16789,$165.00 ,16789,#$%^%^16789######165&^vv^%^
C-685756,Glycol Ethers,P-16484,3/1/2022,27151,$89.46 ,27151,#$%^%^27151######89.46&^vv^%^
C-685251,Isopropyl Alcohol,P-15586,3/2/2022,24486,$154.74 ,24486,#$%^%^24486######154.74&^vv^%^
C-685514,Sodium Hypochlorite,P-14445,3/3/2022,53840,$45.00 ,53840,#$%^%^53840######45&^vv^%^
C-685088,Sodium Hypochlorite,,3/4/2022,63723,$45.00 ,63723,#$%^%^63723######45&^vv^%^
C-685075,Hydrochloric Acid,P-13770,3/5/2022,14815,$165.00 ,14815,#$%^%^14815######165&^vv^%^
C-685176,Sodium Hydroxide,P-12810,3/6/2022,26037,$76.86 ,26037,#$%^%^26037######76.86&^vv^%^
C-685465,Hydrochloric Acid,P-13770,3/7/2022,12092,$165.00 ,12092,#$%^%^12092######165&^vv^%^
C-685387,Hydrochloric Acid,P-13770,3/8/2022,59339,$165.00 ,59339,#$%^%^59339######165&^vv^%^
C-685618,Glycol Ethers,P-16484,3/9/2022,69593,$89.46 ,69593,#$%^%^69593######89.46&^vv^%^
C-685629,Isopropyl Alcohol,P-15586,3/10/2022,33962,$154.74 ,33962,#$%^%^33962######154.74&^vv^%^
C-685083,Isopropyl Alcohol,P-15586,3/11/2022,38477,$154.74 ,38477,#$%^%^38477######154.74&^vv^%^
C-685056,Sodium Hydroxide,P-12810,3/12/2022,6883,$76.86 ,6883,#$%^%^6883######76.86&^vv^%^
C-685927,Hydrochloric Acid,P-13770,3/13/2022,16644,$165.00 ,16644,#$%^%^16644######165&^vv^%^
C-685100,Sodium Hypochlorite,P-14445,3/14/2022,68572,$45.00 ,68572,#$%^%^68572######45&^vv^%^
C-685115,Hydrogen Peroxide,P-17889,3/15/2022,35807,$57.89 ,35807,#$%^%^35807######57.89&^vv^%^
C-685522,Glycol Ethers,P-16484,3/16/2022,3252,$89.46 ,3252,#$%^%^3252######89.46&^vv^%^
C-685027,Hydrochloric Acid,P-13770,3/17/2022,59192,$165.00 ,59192,#$%^%^59192######165&^vv^%^
C-685556,Sodium Hypochlorite,,3/18/2022,18142,$45.00 ,18142,#$%^%^18142######45&^vv^%^
C-685675,Hydrochloric Acid,P-13770,3/19/2022,62360,$165.00 ,62360,#$%^%^62360######165&^vv^%^
C-685643,Hydrogen Peroxide,P-17889,3/20/2022,14653,$57.89 ,14653,#$%^%^14653######57.89&^vv^%^
C-685099,Hydrochloric Acid,P-13770,3/21/2022,21756,$165.00 ,21756,#$%^%^21756######165&^vv^%^
C-685257,Isopropyl Alcohol,P-15586,3/22/2022,25194,$154.74 ,25194,#$%^%^25194######154.74&^vv^%^
C-685044,Sodium Hydroxide,P-12810,3/23/2022,897,$76.86 ,897,#$%^%^897######76.86&^vv^%^
C-685479,Isopropyl Alcohol,P-15586,3/24/2022,7279,$154.74 ,7279,#$%^%^7279######154.74&^vv^%^
C-685736,Sodium Hypochlorite,P-14445,3/25/2022,38638,$45.00 ,38638,#$%^%^38638######45&^vv^%^
C-685123,Hydrochloric Acid,P-13770,3/26/2022,16353,$165.00 ,16353,#$%^%^16353######165&^vv^%^
C-685519,Hydrochloric Acid,P-13770,3/27/2022,49902,$165.00 ,49902,#$%^%^49902######165&^vv^%^
C-685177,Hydrochloric Acid,P-13770,3/28/2022,21032,$165.00 ,21032,#$%^%^21032######165&^vv^%^
C-685314,Sodium Hydroxide,P-12810,3/29/2022,28352,$76.86 ,28352,#$%^%^28352######76.86&^vv^%^
C-685042,Glycol Ethers,P-16484,3/30/2022,16984,$89.46 ,16984,#$%^%^16984######89.46&^vv^%^
C-685640,Sodium Hypochlorite,P-14445,3/31/2022,34046,$45.00 ,34046,#$%^%^34046######45&^vv^%^
C-685610,Sodium Hypochlorite,P-14445,4/1/2022,39043,$45.00 ,39043,#$%^%^39043######45&^vv^%^
C-685170,Sodium Hydroxide,P-12810,4/2/2022,4604,$76.86 ,4604,#$%^%^4604######76.86&^vv^%^
C-685147,Hydrochloric Acid,P-13770,4/3/2022,17921,$165.00 ,17921,#$%^%^17921######165&^vv^%^
C-684985,Hydrochloric Acid,P-13770,4/4/2022,19632,$165.00 ,19632,#$%^%^19632######165&^vv^%^
C-685459,Hydrochloric Acid,P-13770,4/5/2022,25798,$165.00 ,25798,#$%^%^25798######165&^vv^%^
C-684970,Glycol Ethers,P-16484,4/6/2022,23722,$89.46 ,23722,#$%^%^23722######89.46&^vv^%^
C-685169,Hydrogen Peroxide,P-17889,4/7/2022,15388,$57.89 ,15388,#$%^%^15388######57.89&^vv^%^
C-685696,Glycol Ethers,P-16484,4/8/2022,25994,$89.46 ,25994,#$%^%^25994######89.46&^vv^%^
C-685111,Hydrochloric Acid,P-13770,4/9/2022,48286,$165.00 ,48286,#$%^%^48286######165&^vv^%^
C-685460,Sodium Hypochlorite,P-14445,4/10/2022,11079,$45.00 ,11079,#$%^%^11079######45&^vv^%^
C-685335,Isopropyl Alcohol,P-15586,4/11/2022,10359,$154.74 ,10359,#$%^%^10359######154.74&^vv^%^
C-685064,Sodium Hypochlorite,P-14445,4/12/2022,5454,$45.00 ,5454,#$%^%^5454######45&^vv^%^
C-685478,Sodium Hypochlorite,P-14445,4/13/2022,59052,$45.00 ,59052,#$%^%^59052######45&^vv^%^
C-684971,Hydrogen Peroxide,P-17889,4/14/2022,57593,$57.89 ,57593,#$%^%^57593######57.89&^vv^%^
C-685786,Glycol Ethers,P-16484,4/15/2022,30001,$89.46 ,30001,#$%^%^30001######89.46&^vv^%^
C-685053,Isopropyl Alcohol,P-15586,4/16/2022,55412,$154.74 ,55412,#$%^%^55412######154.74&^vv^%^
C-685578,Sodium Hydroxide,P-12810,4/17/2022,45499,$76.86 ,45499,#$%^%^45499######76.86&^vv^%^
C-685747,Hydrochloric Acid,P-13770,4/18/2022,36714,$165.00 ,36714,#$%^%^36714######165&^vv^%^
C-685302,Sodium Hydroxide,P-12810,4/19/2022,12106,$76.86 ,12106,#$%^%^12106######76.86&^vv^%^
C-685835,Hydrogen Peroxide,P-17889,4/20/2022,16378,$57.89 ,16378,#$%^%^16378######57.89&^vv^%^
C-685116,Sodium Hydroxide,P-12810,4/21/2022,43164,$76.86 ,43164,#$%^%^43164######76.86&^vv^%^
C-685329,Isopropyl Alcohol,P-15586,4/22/2022,26624,$154.74 ,26624,#$%^%^26624######154.74&^vv^%^
C-685452,Sodium Hydroxide,P-12810,4/23/2022,49205,$76.86 ,49205,#$%^%^49205######76.86&^vv^%^
C-685766,Sodium Hypochlorite,P-14445,4/24/2022,11113,$45.00 ,11113,#$%^%^11113######45&^vv^%^
C-685804,Glycol Ethers,P-16484,4/25/2022,37073,$89.46 ,37073,#$%^%^37073######89.46&^vv^%^
C-685863,Isopropyl Alcohol,P-15586,4/26/2022,18294,$154.74 ,18294,#$%^%^18294######154.74&^vv^%^
C-685347,Isopropyl Alcohol,P-15586,4/27/2022,57456,$154.74 ,57456,#$%^%^57456######154.74&^vv^%^
C-685836,Sodium Hydroxide,,4/28/2022,50242,$76.86 ,50242,#$%^%^50242######76.86&^vv^%^
C-685120,Glycol Ethers,P-16484,4/29/2022,7383,$89.46 ,7383,#$%^%^7383######89.46&^vv^%^
C-685424,Sodium Hypochlorite,P-14445,4/30/2022,52664,$45.00 ,52664,#$%^%^52664######45&^vv^%^
C-685890,Sodium Hydroxide,P-12810,5/1/2022,2399,$76.86 ,2399,#$%^%^2399######76.86&^vv^%^
C-685871,Hydrogen Peroxide,P-17889,5/2/2022,48626,$57.89 ,48626,#$%^%^48626######57.89&^vv^%^
C-685194,Sodium Hydroxide,P-12810,5/3/2022,12031,$76.86 ,12031,#$%^%^12031######76.86&^vv^%^
C-685251,Isopropyl Alcohol,P-15586,5/4/2022,8388,$154.74 ,8388,#$%^%^8388######154.74&^vv^%^
C-685757,Hydrogen Peroxide,P-17889,5/5/2022,795,$57.89 ,795,#$%^%^795######57.89&^vv^%^
C-685153,Hydrochloric Acid,P-13770,5/6/2022,44863,$165.00 ,44863,#$%^%^44863######165&^vv^%^
C-685085,Hydrogen Peroxide,P-17889,5/7/2022,50005,$57.89 ,50005,#$%^%^50005######57.89&^vv^%^
C-685156,Glycol Ethers,P-16484,5/8/2022,59655,$89.46 ,59655,#$%^%^59655######89.46&^vv^%^
C-685125,Isopropyl Alcohol,P-15586,5/9/2022,57406,$154.74 ,57406,#$%^%^57406######154.74&^vv^%^
C-685755,Isopropyl Alcohol,P-15586,5/10/2022,19222,$154.74 ,19222,#$%^%^19222######154.74&^vv^%^
C-685843,Hydrochloric Acid,P-13770,5/11/2022,23362,$165.00 ,23362,#$%^%^23362######165&^vv^%^
C-685000,Glycol Ethers,P-16484,5/12/2022,61983,$89.46 ,61983,#$%^%^61983######89.46&^vv^%^
C-685689,Isopropyl Alcohol,P-15586,5/13/2022,59563,$154.74 ,59563,#$%^%^59563######154.74&^vv^%^
C-685525,Hydrochloric Acid,P-13770,5/14/2022,57313,$165.00 ,57313,#$%^%^57313######165&^vv^%^
C-685532,Sodium Hypochlorite,P-14445,5/15/2022,31939,$45.00 ,31939,#$%^%^31939######45&^vv^%^
C-685833,Isopropyl Alcohol,P-15586,5/16/2022,34878,$154.74 ,34878,#$%^%^34878######154.74&^vv^%^
C-685059,Isopropyl Alcohol,P-15586,5/17/2022,38725,$154.74 ,38725,#$%^%^38725######154.74&^vv^%^
C-685851,Isopropyl Alcohol,P-15586,5/18/2022,35361,$154.74 ,35361,#$%^%^35361######154.74&^vv^%^
C-684955,Hydrochloric Acid,P-13770,5/19/2022,17873,$165.00 ,17873,#$%^%^17873######165&^vv^%^
C-685897,Hydrochloric Acid,P-13770,5/20/2022,24520,$165.00 ,24520,#$%^%^24520######165&^vv^%^
C-685587,Isopropyl Alcohol,P-15586,5/21/2022,60084,$154.74 ,60084,#$%^%^60084######154.74&^vv^%^
C-685948,Glycol Ethers,P-16484,5/22/2022,11719,$89.46 ,11719,#$%^%^11719######89.46&^vv^%^
C-685564,Glycol Ethers,P-16484,5/23/2022,23441,$89.46 ,23441,#$%^%^23441######89.46&^vv^%^
C-685113,Isopropyl Alcohol,P-15586,5/24/2022,20787,$154.74 ,20787,#$%^%^20787######154.74&^vv^%^
C-685361,Hydrogen Peroxide,P-17889,5/25/2022,35638,$57.89 ,35638,#$%^%^35638######57.89&^vv^%^
C-685382,Sodium Hypochlorite,P-14445,5/26/2022,13363,$45.00 ,13363,#$%^%^13363######45&^vv^%^
C-685074,Sodium Hydroxide,P-12810,5/27/2022,4686,$76.86 ,4686,#$%^%^4686######76.86&^vv^%^
C-685471,Hydrochloric Acid,P-13770,5/28/2022,15738,$165.00 ,15738,#$%^%^15738######165&^vv^%^
C-685621,Hydrochloric Acid,P-13770,5/29/2022,41340,$165.00 ,41340,#$%^%^41340######165&^vv^%^
C-685626,Sodium Hydroxide,P-12810,5/30/2022,44408,$76.86 ,44408,#$%^%^44408######76.86&^vv^%^
C-685307,Hydrogen Peroxide,P-17889,5/31/2022,2198,$57.89 ,2198,#$%^%^2198######57.89&^vv^%^
C-685589,Hydrogen Peroxide,P-17889,6/1/2022,43113,$57.89 ,43113,#$%^%^43113######57.89&^vv^%^
C-685032,Sodium Hydroxide,P-12810,6/2/2022,16442,$76.86 ,16442,#$%^%^16442######76.86&^vv^%^
C-685770,Sodium Hydroxide,P-12810,6/3/2022,48139,$76.86 ,48139,#$%^%^48139######76.86&^vv^%^
C-685562,Sodium Hypochlorite,P-14445,6/4/2022,27957,$45.00 ,27957,#$%^%^27957######45&^vv^%^
C-685413,Isopropyl Alcohol,P-15586,6/5/2022,44626,$154.74 ,44626,#$%^%^44626######154.74&^vv^%^
C-685581,Isopropyl Alcohol,P-15586,6/6/2022,68578,$154.74 ,68578,#$%^%^68578######154.74&^vv^%^
C-685780,Glycol Ethers,P-16484,6/7/2022,55770,$89.46 ,55770,#$%^%^55770######89.46&^vv^%^
C-685405,Hydrochloric Acid,P-13770,6/8/2022,26106,$165.00 ,26106,#$%^%^26106######165&^vv^%^
C-685542,Sodium Hydroxide,P-12810,6/9/2022,33316,$76.86 ,33316,#$%^%^33316######76.86&^vv^%^
C-685003,Hydrochloric Acid,P-13770,6/10/2022,69860,$165.00 ,69860,#$%^%^69860######165&^vv^%^
C-685634,Sodium Hypochlorite,P-14445,6/11/2022,62686,$45.00 ,62686,#$%^%^62686######45&^vv^%^
C-685886,Sodium Hypochlorite,P-14445,6/12/2022,28660,$45.00 ,28660,#$%^%^28660######45&^vv^%^
C-684986,Sodium Hypochlorite,P-14445,6/13/2022,35509,$45.00 ,35509,#$%^%^35509######45&^vv^%^
C-685563,Isopropyl Alcohol,P-15586,6/14/2022,2196,$154.74 ,2196,#$%^%^2196######154.74&^vv^%^
C-685337,Hydrogen Peroxide,P-17889,6/15/2022,3329,$57.89 ,3329,#$%^%^3329######57.89&^vv^%^
C-685511,Hydrogen Peroxide,P-17889,6/16/2022,18046,$57.89 ,18046,#$%^%^18046######57.89&^vv^%^
C-684956,Sodium Hypochlorite,P-14445,6/17/2022,60241,$45.00 ,60241,#$%^%^60241######45&^vv^%^
C-685315,Hydrochloric Acid,,6/18/2022,25191,$165.00 ,25191,#$%^%^25191######165&^vv^%^
C-685816,Glycol Ethers,P-16484,6/19/2022,49937,$89.46 ,49937,#$%^%^49937######89.46&^vv^%^
C-685802,Sodium Hypochlorite,P-14445,6/20/2022,29101,$45.00 ,29101,#$%^%^29101######45&^vv^%^
C-685192,Glycol Ethers,P-16484,6/21/2022,17197,$89.46 ,17197,#$%^%^17197######89.46&^vv^%^
C-685207,Hydrochloric Acid,P-13770,6/22/2022,49960,$165.00 ,49960,#$%^%^49960######165&^vv^%^
C-685242,Sodium Hydroxide,P-12810,6/23/2022,50929,$76.86 ,50929,#$%^%^50929######76.86&^vv^%^
C-685101,Isopropyl Alcohol,P-15586,6/24/2022,36454,$154.74 ,36454,#$%^%^36454######154.74&^vv^%^
C-685139,Hydrogen Peroxide,P-17889,6/25/2022,3961,$57.89 ,3961,#$%^%^3961######57.89&^vv^%^
C-685133,Hydrogen Peroxide,P-17889,6/26/2022,22291,$57.89 ,22291,#$%^%^22291######57.89&^vv^%^
C-685938,Sodium Hydroxide,P-12810,6/27/2022,38576,$76.86 ,38576,#$%^%^38576######76.86&^vv^%^
C-684989,Hydrogen Peroxide,P-17889,6/28/2022,16493,$57.89 ,16493,#$%^%^16493######57.89&^vv^%^
C-685936,Glycol Ethers,P-16484,6/29/2022,49705,$89.46 ,49705,#$%^%^49705######89.46&^vv^%^
C-685906,Glycol Ethers,P-16484,6/30/2022,15359,$89.46 ,15359,#$%^%^15359######89.46&^vv^%^
C-685584,Sodium Hydroxide,P-12810,7/1/2022,56054,$76.86 ,56054,#$%^%^56054######76.86&^vv^%^
C-685450,Glycol Ethers,P-16484,7/2/2022,57234,$89.46 ,57234,#$%^%^57234######89.46&^vv^%^
C-685469,Hydrogen Peroxide,P-17889,7/3/2022,3556,$57.89 ,3556,#$%^%^3556######57.89&^vv^%^
C-685189,Hydrochloric Acid,P-13770,7/4/2022,54018,$165.00 ,54018,#$%^%^54018######165&^vv^%^
C-685648,Glycol Ethers,P-16484,7/5/2022,52276,$89.46 ,52276,#$%^%^52276######89.46&^vv^%^
C-685529,Hydrogen Peroxide,P-17889,7/6/2022,22500,$57.89 ,22500,#$%^%^22500######57.89&^vv^%^
C-685864,Glycol Ethers,P-16484,7/7/2022,54615,$89.46 ,54615,#$%^%^54615######89.46&^vv^%^
C-685679,Hydrogen Peroxide,P-17889,7/8/2022,67072,$57.89 ,67072,#$%^%^67072######57.89&^vv^%^
C-685334,Sodium Hypochlorite,P-14445,7/9/2022,41104,$45.00 ,41104,#$%^%^41104######45&^vv^%^
C-685520,Sodium Hypochlorite,P-14445,7/10/2022,53178,$45.00 ,53178,#$%^%^53178######45&^vv^%^
C-685441,Hydrochloric Acid,P-13770,7/11/2022,11696,$165.00 ,11696,#$%^%^11696######165&^vv^%^
C-685914,Sodium Hydroxide,P-12810,7/12/2022,11359,$76.86 ,11359,#$%^%^11359######76.86&^vv^%^
C-685609,Hydrochloric Acid,P-13770,7/13/2022,66316,$165.00 ,66316,#$%^%^66316######165&^vv^%^
C-685014,Sodium Hydroxide,P-12810,7/14/2022,41279,$76.86 ,41279,#$%^%^41279######76.86&^vv^%^
C-685901,Hydrogen Peroxide,P-17889,7/15/2022,50846,$57.89 ,50846,#$%^%^50846######57.89&^vv^%^
C-685300,Glycol Ethers,P-16484,7/16/2022,26189,$89.46 ,26189,#$%^%^26189######89.46&^vv^%^
C-685165,Hydrochloric Acid,P-13770,7/17/2022,29530,$165.00 ,29530,#$%^%^29530######165&^vv^%^
C-685345,Hydrochloric Acid,P-13770,7/18/2022,31079,$165.00 ,31079,#$%^%^31079######165&^vv^%^
C-685369,Hydrochloric Acid,P-13770,7/19/2022,18940,$165.00 ,18940,#$%^%^18940######165&^vv^%^
C-684990,Sodium Hydroxide,P-12810,7/20/2022,12434,$76.86 ,12434,#$%^%^12434######76.86&^vv^%^
C-685867,Hydrochloric Acid,P-13770,7/21/2022,2366,$165.00 ,2366,#$%^%^2366######165&^vv^%^
C-685831,Hydrochloric Acid,P-13770,7/22/2022,26006,$165.00 ,26006,#$%^%^26006######165&^vv^%^
C-685251,Isopropyl Alcohol,,7/23/2022,55400,$154.74 ,55400,#$%^%^55400######154.74&^vv^%^
C-685641,Isopropyl Alcohol,P-15586,7/24/2022,1646,$154.74 ,1646,#$%^%^1646######154.74&^vv^%^
C-685327,Hydrochloric Acid,P-13770,7/25/2022,19163,$165.00 ,19163,#$%^%^19163######165&^vv^%^
C-685524,Sodium Hydroxide,P-12810,7/26/2022,28452,$76.86 ,28452,#$%^%^28452######76.86&^vv^%^
C-685710,Sodium Hydroxide,P-12810,7/27/2022,46796,$76.86 ,46796,#$%^%^46796######76.86&^vv^%^
C-685281,Isopropyl Alcohol,P-15586,7/28/2022,21810,$154.74 ,21810,#$%^%^21810######154.74&^vv^%^
C-685149,Isopropyl Alcohol,P-15586,7/29/2022,33634,$154.74 ,33634,#$%^%^33634######154.74&^vv^%^
C-685249,Hydrochloric Acid,P-13770,7/30/2022,43555,$165.00 ,43555,#$%^%^43555######165&^vv^%^
C-685639,Hydrochloric Acid,P-13770,7/31/2022,42240,$165.00 ,42240,#$%^%^42240######165&^vv^%^
C-685777,Hydrochloric Acid,P-13770,8/1/2022,5464,$165.00 ,5464,#$%^%^5464######165&^vv^%^
C-685795,Hydrochloric Acid,P-13770,8/2/2022,51204,$165.00 ,51204,#$%^%^51204######165&^vv^%^
C-685932,Sodium Hydroxide,,8/3/2022,51864,$76.86 ,51864,#$%^%^51864######76.86&^vv^%^
C-684979,Hydrochloric Acid,P-13770,8/4/2022,36683,$165.00 ,36683,#$%^%^36683######165&^vv^%^
C-685776,Sodium Hydroxide,P-12810,8/5/2022,45810,$76.86 ,45810,#$%^%^45810######76.86&^vv^%^
C-685408,Glycol Ethers,P-16484,8/6/2022,31425,$89.46 ,31425,#$%^%^31425######89.46&^vv^%^
C-685245,Isopropyl Alcohol,P-15586,8/7/2022,19205,$154.74 ,19205,#$%^%^19205######154.74&^vv^%^
C-685144,Glycol Ethers,P-16484,8/8/2022,50396,$89.46 ,50396,#$%^%^50396######89.46&^vv^%^
C-685872,Sodium Hydroxide,P-12810,8/9/2022,13425,$76.86 ,13425,#$%^%^13425######76.86&^vv^%^
C-685268,Sodium Hypochlorite,P-14445,8/10/2022,27670,$45.00 ,27670,#$%^%^27670######45&^vv^%^
C-685359,Isopropyl Alcohol,P-15586,8/11/2022,48651,$154.74 ,48651,#$%^%^48651######154.74&^vv^%^
C-685221,Isopropyl Alcohol,P-15586,8/12/2022,15492,$154.74 ,15492,#$%^%^15492######154.74&^vv^%^
C-685628,Sodium Hypochlorite,P-14445,8/13/2022,3469,$45.00 ,3469,#$%^%^3469######45&^vv^%^
C-685445,Hydrogen Peroxide,P-17889,8/14/2022,6459,$57.89 ,6459,#$%^%^6459######57.89&^vv^%^
C-685763,Hydrogen Peroxide,P-17889,8/15/2022,295,$57.89 ,295,#$%^%^295######57.89&^vv^%^
C-685233,Isopropyl Alcohol,P-15586,8/16/2022,52726,$154.74 ,52726,#$%^%^52726######154.74&^vv^%^
C-685922,Sodium Hypochlorite,P-14445,8/17/2022,15062,$45.00 ,15062,#$%^%^15062######45&^vv^%^
C-685818,Sodium Hydroxide,P-12810,8/18/2022,19329,$76.86 ,19329,#$%^%^19329######76.86&^vv^%^
C-685360,Glycol Ethers,P-16484,8/19/2022,13468,$89.46 ,13468,#$%^%^13468######89.46&^vv^%^
C-685880,Sodium Hypochlorite,P-14445,8/20/2022,22387,$45.00 ,22387,#$%^%^22387######45&^vv^%^
C-685743,Isopropyl Alcohol,P-15586,8/21/2022,13054,$154.74 ,13054,#$%^%^13054######154.74&^vv^%^
C-685500,Sodium Hydroxide,P-12810,8/22/2022,7583,$76.86 ,7583,#$%^%^7583######76.86&^vv^%^
C-685358,Sodium Hypochlorite,P-14445,8/23/2022,25099,$45.00 ,25099,#$%^%^25099######45&^vv^%^
C-685023,Isopropyl Alcohol,P-15586,8/24/2022,39871,$154.74 ,39871,#$%^%^39871######154.74&^vv^%^
C-684994,Glycol Ethers,P-16484,8/25/2022,58910,$89.46 ,58910,#$%^%^58910######89.46&^vv^%^
C-685649,Hydrogen Peroxide,P-17889,8/26/2022,3613,$57.89 ,3613,#$%^%^3613######57.89&^vv^%^
C-685607,Hydrogen Peroxide,P-17889,8/27/2022,13298,$57.89 ,13298,#$%^%^13298######57.89&^vv^%^
C-685883,Hydrogen Peroxide,P-17889,8/28/2022,2029,$57.89 ,2029,#$%^%^2029######57.89&^vv^%^
C-685807,Hydrochloric Acid,P-13770,8/29/2022,27762,$165.00 ,27762,#$%^%^27762######165&^vv^%^
C-684978,Sodium Hydroxide,P-12810,8/30/2022,45492,$76.86 ,45492,#$%^%^45492######76.86&^vv^%^
C-685394,Sodium Hypochlorite,P-14445,8/31/2022,11690,$45.00 ,11690,#$%^%^11690######45&^vv^%^
C-685916,Sodium Hypochlorite,P-14445,9/1/2022,56240,$45.00 ,56240,#$%^%^56240######45&^vv^%^
C-685421,Hydrogen Peroxide,P-17889,9/2/2022,67880,$57.89 ,67880,#$%^%^67880######57.89&^vv^%^
C-685821,Isopropyl Alcohol,P-15586,9/3/2022,40126,$154.74 ,40126,#$%^%^40126######154.74&^vv^%^
C-685796,Sodium Hypochlorite,P-14445,9/4/2022,5100,$45.00 ,5100,#$%^%^5100######45&^vv^%^
C-685692,Sodium Hydroxide,P-12810,9/5/2022,57815,$76.86 ,57815,#$%^%^57815######76.86&^vv^%^
C-685919,Hydrogen Peroxide,P-17889,9/6/2022,37404,$57.89 ,37404,#$%^%^37404######57.89&^vv^%^
C-685489,Hydrochloric Acid,P-13770,9/7/2022,47601,$165.00 ,47601,#$%^%^47601######165&^vv^%^
C-685485,Isopropyl Alcohol,P-15586,9/8/2022,1945,$154.74 ,1945,#$%^%^1945######154.74&^vv^%^
C-684977,Hydrogen Peroxide,P-17889,9/9/2022,2821,$57.89 ,2821,#$%^%^2821######57.89&^vv^%^
C-685251,Isopropyl Alcohol,P-15586,9/10/2022,15689,$154.74 ,15689,#$%^%^15689######154.74&^vv^%^
C-685923,Isopropyl Alcohol,P-15586,9/11/2022,10855,$154.74 ,10855,#$%^%^10855######154.74&^vv^%^
C-685374,Sodium Hydroxide,P-12810,9/12/2022,33124,$76.86 ,33124,#$%^%^33124######76.86&^vv^%^
C-685254,Sodium Hydroxide,P-12810,9/13/2022,57471,$76.86 ,57471,#$%^%^57471######76.86&^vv^%^
C-685774,Glycol Ethers,P-16484,9/14/2022,25285,$89.46 ,25285,#$%^%^25285######89.46&^vv^%^
C-685166,Sodium Hypochlorite,P-14445,9/15/2022,63469,$45.00 ,63469,#$%^%^63469######45&^vv^%^
C-685768,Glycol Ethers,P-16484,9/16/2022,40470,$89.46 ,40470,#$%^%^40470######89.46&^vv^%^
C-685026,Sodium Hydroxide,,9/17/2022,53245,$76.86 ,53245,#$%^%^53245######76.86&^vv^%^
C-685039,Hydrochloric Acid,P-13770,9/18/2022,12624,$165.00 ,12624,#$%^%^12624######165&^vv^%^
C-685289,Hydrogen Peroxide,P-17889,9/19/2022,56263,$57.89 ,56263,#$%^%^56263######57.89&^vv^%^
C-685211,Hydrogen Peroxide,P-17889,9/20/2022,6997,$57.89 ,6997,#$%^%^6997######57.89&^vv^%^
C-685273,Hydrochloric Acid,P-13770,9/21/2022,27092,$165.00 ,27092,#$%^%^27092######165&^vv^%^
C-685869,Isopropyl Alcohol,P-15586,9/22/2022,45692,$154.74 ,45692,#$%^%^45692######154.74&^vv^%^
C-685928,Sodium Hypochlorite,P-14445,9/23/2022,57619,$45.00 ,57619,#$%^%^57619######45&^vv^%^
C-685041,Isopropyl Alcohol,P-15586,9/24/2022,11564,$154.74 ,11564,#$%^%^11564######154.74&^vv^%^
C-685860,Sodium Hydroxide,P-12810,9/25/2022,59257,$76.86 ,59257,#$%^%^59257######76.86&^vv^%^
C-685410,Sodium Hydroxide,P-12810,9/26/2022,7950,$76.86 ,7950,#$%^%^7950######76.86&^vv^%^
C-685484,Sodium Hypochlorite,P-14445,9/27/2022,53723,$45.00 ,53723,#$%^%^53723######45&^vv^%^
C-685180,Glycol Ethers,P-16484,9/28/2022,63185,$89.46 ,63185,#$%^%^63185######89.46&^vv^%^
C-685625,Hydrogen Peroxide,P-17889,9/29/2022,56000,$57.89 ,56000,#$%^%^56000######57.89&^vv^%^
C-685911,Isopropyl Alcohol,P-15586,9/30/2022,17496,$154.74 ,17496,#$%^%^17496######154.74&^vv^%^
C-685420,Glycol Ethers,P-16484,10/1/2022,35508,$89.46 ,35508,#$%^%^35508######89.46&^vv^%^
C-685680,Sodium Hydroxide,P-12810,10/2/2022,38900,$76.86 ,38900,#$%^%^38900######76.86&^vv^%^
C-685933,Hydrochloric Acid,P-13770,10/3/2022,20601,$165.00 ,20601,#$%^%^20601######165&^vv^%^
C-685001,Hydrogen Peroxide,P-17889,10/4/2022,69964,$57.89 ,69964,#$%^%^69964######57.89&^vv^%^
C-685397,Hydrogen Peroxide,P-17889,10/5/2022,8855,$57.89 ,8855,#$%^%^8855######57.89&^vv^%^
C-685561,Hydrochloric Acid,P-13770,10/6/2022,3252,$165.00 ,3252,#$%^%^3252######165&^vv^%^
C-685616,Sodium Hypochlorite,P-14445,10/7/2022,59966,$45.00 ,59966,#$%^%^59966######45&^vv^%^
C-685199,Hydrogen Peroxide,P-17889,10/8/2022,6094,$57.89 ,6094,#$%^%^6094######57.89&^vv^%^
C-685069,Hydrochloric Acid,P-13770,10/9/2022,13596,$165.00 ,13596,#$%^%^13596######165&^vv^%^
C-685350,Sodium Hydroxide,P-12810,10/10/2022,36164,$76.86 ,36164,#$%^%^36164######76.86&^vv^%^
C-685729,Hydrochloric Acid,P-13770,10/11/2022,64061,$165.00 ,64061,#$%^%^64061######165&^vv^%^
C-685217,Hydrogen Peroxide,P-17889,10/12/2022,52166,$57.89 ,52166,#$%^%^52166######57.89&^vv^%^
C-685336,Glycol Ethers,P-16484,10/13/2022,31072,$89.46 ,31072,#$%^%^31072######89.46&^vv^%^
C-685453,Hydrochloric Acid,P-13770,10/14/2022,20763,$165.00 ,20763,#$%^%^20763######165&^vv^%^
C-685462,Glycol Ethers,P-16484,10/15/2022,29989,$89.46 ,29989,#$%^%^29989######89.46&^vv^%^
C-685395,Isopropyl Alcohol,P-15586,10/16/2022,16274,$154.74 ,16274,#$%^%^16274######154.74&^vv^%^
C-685226,Sodium Hypochlorite,P-14445,10/17/2022,62160,$45.00 ,62160,#$%^%^62160######45&^vv^%^
C-685392,Sodium Hydroxide,P-12810,10/18/2022,47745,$76.86 ,47745,#$%^%^47745######76.86&^vv^%^
C-685873,Hydrochloric Acid,P-13770,10/19/2022,64500,$165.00 ,64500,#$%^%^64500######165&^vv^%^
C-685684,Glycol Ethers,P-16484,10/20/2022,69965,$89.46 ,69965,#$%^%^69965######89.46&^vv^%^
C-685297,Hydrochloric Acid,P-13770,10/21/2022,10825,$165.00 ,10825,#$%^%^10825######165&^vv^%^
C-685072,Glycol Ethers,P-16484,10/22/2022,19821,$89.46 ,19821,#$%^%^19821######89.46&^vv^%^
C-684981,Isopropyl Alcohol,P-15586,10/23/2022,46578,$154.74 ,46578,#$%^%^46578######154.74&^vv^%^
C-685250,Sodium Hypochlorite,P-14445,10/24/2022,24072,$45.00 ,24072,#$%^%^24072######45&^vv^%^
C-685591,Hydrochloric Acid,P-13770,10/25/2022,9569,$165.00 ,9569,#$%^%^9569######165&^vv^%^
C-685320,Sodium Hydroxide,P-12810,10/26/2022,33524,$76.86 ,33524,#$%^%^33524######76.86&^vv^%^
C-685212,Sodium Hydroxide,P-12810,10/27/2022,40595,$76.86 ,40595,#$%^%^40595######76.86&^vv^%^
C-685726,Glycol Ethers,P-16484,10/28/2022,63597,$89.46 ,63597,#$%^%^63597######89.46&^vv^%^
C-685305,Isopropyl Alcohol,P-15586,10/29/2022,44107,$154.74 ,44107,#$%^%^44107######154.74&^vv^%^
C-685311,Isopropyl Alcohol,P-15586,10/30/2022,48731,$154.74 ,48731,#$%^%^48731######154.74&^vv^%^
C-685536,Sodium Hydroxide,P-12810,10/31/2022,26538,$76.86 ,26538,#$%^%^26538######76.86&^vv^%^
C-685879,Hydrochloric Acid,P-13770,11/1/2022,65478,$165.00 ,65478,#$%^%^65478######165&^vv^%^
C-685237,Hydrochloric Acid,P-13770,11/2/2022,25837,$165.00 ,25837,#$%^%^25837######165&^vv^%^
C-685185,Isopropyl Alcohol,P-15586,11/3/2022,6777,$154.74 ,6777,#$%^%^6777######154.74&^vv^%^
C-685636,Glycol Ethers,P-16484,11/4/2022,42985,$89.46 ,42985,#$%^%^42985######89.46&^vv^%^
C-685606,Glycol Ethers,,11/5/2022,7951,$89.46 ,7951,#$%^%^7951######89.46&^vv^%^
C-685428,Sodium Hydroxide,P-12810,11/6/2022,33789,$76.86 ,33789,#$%^%^33789######76.86&^vv^%^
C-685299,Isopropyl Alcohol,P-15586,11/7/2022,3969,$154.74 ,3969,#$%^%^3969######154.74&^vv^%^
C-685017,Isopropyl Alcohol,P-15586,11/8/2022,38070,$154.74 ,38070,#$%^%^38070######154.74&^vv^%^
C-685720,Glycol Ethers,P-16484,11/9/2022,19128,$89.46 ,19128,#$%^%^19128######89.46&^vv^%^
C-685882,Glycol Ethers,P-16484,11/10/2022,46491,$89.46 ,46491,#$%^%^46491######89.46&^vv^%^
C-685258,Glycol Ethers,P-16484,11/11/2022,17775,$89.46 ,17775,#$%^%^17775######89.46&^vv^%^
C-685789,Hydrochloric Acid,P-13770,11/12/2022,40422,$165.00 ,40422,#$%^%^40422######165&^vv^%^
C-685251,Isopropyl Alcohol,P-15586,11/13/2022,23048,$154.74 ,23048,#$%^%^23048######154.74&^vv^%^
C-684997,Hydrochloric Acid,P-13770,11/14/2022,65306,$165.00 ,65306,#$%^%^65306######165&^vv^%^
C-685220,Sodium Hypochlorite,P-14445,11/15/2022,11160,$45.00 ,11160,#$%^%^11160######45&^vv^%^
C-685765,Hydrochloric Acid,P-13770,11/16/2022,39847,$165.00 ,39847,#$%^%^39847######165&^vv^%^
C-684973,Hydrochloric Acid,P-13770,11/17/2022,15019,$165.00 ,15019,#$%^%^15019######165&^vv^%^
C-685455,Isopropyl Alcohol,P-15586,11/18/2022,62895,$154.74 ,62895,#$%^%^62895######154.74&^vv^%^
C-685913,Hydrogen Peroxide,P-17889,11/19/2022,33633,$57.89 ,33633,#$%^%^33633######57.89&^vv^%^
C-685874,Sodium Hypochlorite,P-14445,11/20/2022,31954,$45.00 ,31954,#$%^%^31954######45&^vv^%^
C-685840,Glycol Ethers,P-16484,11/21/2022,58170,$89.46 ,58170,#$%^%^58170######89.46&^vv^%^
C-685259,Hydrogen Peroxide,P-17889,11/22/2022,67367,$57.89 ,67367,#$%^%^67367######57.89&^vv^%^
C-685655,Hydrogen Peroxide,P-17889,11/23/2022,1208,$57.89 ,1208,#$%^%^1208######57.89&^vv^%^
C-685690,Glycol Ethers,P-16484,11/24/2022,46375,$89.46 ,46375,#$%^%^46375######89.46&^vv^%^
C-685498,Glycol Ethers,P-16484,11/25/2022,15526,$89.46 ,15526,#$%^%^15526######89.46&^vv^%^
C-685006,Glycol Ethers,P-16484,11/26/2022,21216,$89.46 ,21216,#$%^%^21216######89.46&^vv^%^
C-685718,Sodium Hypochlorite,P-14445,11/27/2022,14516,$45.00 ,14516,#$%^%^14516######45&^vv^%^
C-685181,Hydrogen Peroxide,P-17889,11/28/2022,45259,$57.89 ,45259,#$%^%^45259######57.89&^vv^%^
C-684966,Sodium Hydroxide,P-12810,11/29/2022,2724,$76.86 ,2724,#$%^%^2724######76.86&^vv^%^
C-685775,Hydrogen Peroxide,P-17889,11/30/2022,29078,$57.89 ,29078,#$%^%^29078######57.89&^vv^%^
C-685449,Isopropyl Alcohol,P-15586,12/1/2022,29179,$154.74 ,29179,#$%^%^29179######154.74&^vv^%^
C-685130,Sodium Hypochlorite,,12/2/2022,22491,$45.00 ,22491,#$%^%^22491######45&^vv^%^
C-685038,Sodium Hydroxide,P-12810,12/3/2022,34392,$76.86 ,34392,#$%^%^34392######76.86&^vv^%^
C-685224,Sodium Hydroxide,P-12810,12/4/2022,66552,$76.86 ,66552,#$%^%^66552######76.86&^vv^%^
C-685103,Hydrogen Peroxide,P-17889,12/5/2022,26025,$57.89 ,26025,#$%^%^26025######57.89&^vv^%^
C-685740,Sodium Hydroxide,P-12810,12/6/2022,21869,$76.86 ,21869,#$%^%^21869######76.86&^vv^%^
C-685008,Sodium Hydroxide,P-12810,12/7/2022,55737,$76.86 ,55737,#$%^%^55737######76.86&^vv^%^
C-685784,Sodium Hypochlorite,P-14445,12/8/2022,65256,$45.00 ,65256,#$%^%^65256######45&^vv^%^
C-685903,Hydrochloric Acid,P-13770,12/9/2022,6911,$165.00 ,6911,#$%^%^6911######165&^vv^%^
C-685852,Glycol Ethers,P-16484,12/10/2022,2906,$89.46 ,2906,#$%^%^2906######89.46&^vv^%^
C-685778,Sodium Hypochlorite,P-14445,12/11/2022,58920,$45.00 ,58920,#$%^%^58920######45&^vv^%^
C-685483,Hydrochloric Acid,P-13770,12/12/2022,2406,$165.00 ,2406,#$%^%^2406######165&^vv^%^
C-685727,Hydrogen Peroxide,P-17889,12/13/2022,51013,$57.89 ,51013,#$%^%^51013######57.89&^vv^%^
C-685425,Isopropyl Alcohol,P-15586,12/14/2022,11089,$154.74 ,11089,#$%^%^11089######154.74&^vv^%^
C-685383,Isopropyl Alcohol,P-15586,12/15/2022,37377,$154.74 ,37377,#$%^%^37377######154.74&^vv^%^
C-685624,Glycol Ethers,P-16484,12/16/2022,54490,$89.46 ,54490,#$%^%^54490######89.46&^vv^%^
C-685899,Isopropyl Alcohol,P-15586,12/17/2022,7660,$154.74 ,7660,#$%^%^7660######154.74&^vv^%^
C-685187,Hydrogen Peroxide,P-17889,12/18/2022,868,$57.89 ,868,#$%^%^868######57.89&^vv^%^
C-685443,Isopropyl Alcohol,P-15586,12/19/2022,44089,$154.74 ,44089,#$%^%^44089######154.74&^vv^%^
C-685813,Hydrochloric Acid,P-13770,12/20/2022,54547,$165.00 ,54547,#$%^%^54547######165&^vv^%^
C-685298,Sodium Hypochlorite,P-14445,12/21/2022,30334,$45.00 ,30334,#$%^%^30334######45&^vv^%^
C-684968,Sodium Hypochlorite,P-14445,12/22/2022,39267,$45.00 ,39267,#$%^%^39267######45&^vv^%^
C-684969,Isopropyl Alcohol,P-15586,12/23/2022,46461,$154.74 ,46461,#$%^%^46461######154.74&^vv^%^
C-685266,Sodium Hydroxide,P-12810,12/24/2022,62326,$76.86 ,62326,#$%^%^62326######76.86&^vv^%^
C-685029,Isopropyl Alcohol,P-15586,12/25/2022,66102,$154.74 ,66102,#$%^%^66102######154.74&^vv^%^
C-685658,Sodium Hypochlorite,P-14445,12/26/2022,59285,$45.00 ,59285,#$%^%^59285######45&^vv^%^
C-685801,Hydrochloric Acid,P-13770,12/27/2022,767,$165.00 ,767,#$%^%^767######165&^vv^%^
C-685805,Hydrogen Peroxide,P-17889,12/28/2022,68860,$57.89 ,68860,#$%^%^68860######57.89&^vv^%^
C-685047,Isopropyl Alcohol,P-15586,12/29/2022,1479,$154.74 ,1479,#$%^%^1479######154.74&^vv^%^
C-685036,Glycol Ethers,P-16484,12/30/2022,63926,$89.46 ,63926,#$%^%^63926######89.46&^vv^%^
C-685909,Hydrochloric Acid,P-13770,12/31/2022,55397,$165.00 ,55397,#$%^%^55397######165&^vv^%^
C-685472,Sodium Hypochlorite,P-14445,1/1/2023,44120,$45.00 ,44120,#$%^%^44120######45&^vv^%^
C-685651,Hydrochloric Acid,P-13770,1/2/2023,66544,$165.00 ,66544,#$%^%^66544######165&^vv^%^
C-685754,Sodium Hypochlorite,P-14445,1/3/2023,31699,$45.00 ,31699,#$%^%^31699######45&^vv^%^
C-685499,Hydrogen Peroxide,P-17889,1/4/2023,7844,$57.89 ,7844,#$%^%^7844######57.89&^vv^%^
C-685232,Sodium Hypochlorite,P-14445,1/5/2023,5824,$45.00 ,5824,#$%^%^5824######45&^vv^%^
C-685155,Isopropyl Alcohol,P-15586,1/6/2023,5174,$154.74 ,5174,#$%^%^5174######154.74&^vv^%^
C-685825,Hydrochloric Acid,P-13770,1/7/2023,41109,$165.00 ,41109,#$%^%^41109######165&^vv^%^
C-685814,Sodium Hypochlorite,P-14445,1/8/2023,27551,$45.00 ,27551,#$%^%^27551######45&^vv^%^
C-685723,Hydrochloric Acid,P-13770,1/9/2023,68485,$165.00 ,68485,#$%^%^68485######165&^vv^%^
C-685517,Hydrogen Peroxide,P-17889,1/10/2023,17863,$57.89 ,17863,#$%^%^17863######57.89&^vv^%^
C-685670,Sodium Hypochlorite,P-14445,1/11/2023,38817,$45.00 ,38817,#$%^%^38817######45&^vv^%^
C-685277,Hydrogen Peroxide,P-17889,1/12/2023,3974,$57.89 ,3974,#$%^%^3974######57.89&^vv^%^
C-685082,Sodium Hypochlorite,P-14445,1/13/2023,68413,$45.00 ,68413,#$%^%^68413######45&^vv^%^
C-685902,Sodium Hydroxide,P-12810,1/14/2023,63454,$76.86 ,63454,#$%^%^63454######76.86&^vv^%^
C-685540,Glycol Ethers,P-16484,1/15/2023,45208,$89.46 ,45208,#$%^%^45208######89.46&^vv^%^
C-685251,Isopropyl Alcohol,P-15586,1/16/2023,63413,$154.74 ,63413,#$%^%^63413######154.74&^vv^%^
C-685837,Hydrochloric Acid,P-13770,1/17/2023,48463,$165.00 ,48463,#$%^%^48463######165&^vv^%^
C-685914,Sodium Hydroxide,P-12810,1/18/2023,58027,$76.86 ,58027,#$%^%^58027######76.86&^vv^%^
C-685146,Sodium Hydroxide,P-12810,1/19/2023,9993,$76.86 ,9993,#$%^%^9993######76.86&^vv^%^
C-685417,Hydrochloric Acid,P-13770,1/20/2023,25888,$165.00 ,25888,#$%^%^25888######165&^vv^%^
C-685773,Isopropyl Alcohol,P-15586,1/21/2023,55979,$154.74 ,55979,#$%^%^55979######154.74&^vv^%^
C-685619,Hydrogen Peroxide,P-17889,1/22/2023,29782,$57.89 ,29782,#$%^%^29782######57.89&^vv^%^
C-684980,Sodium Hypochlorite,P-14445,1/23/2023,17480,$45.00 ,17480,#$%^%^17480######45&^vv^%^
C-685324,Glycol Ethers,P-16484,1/24/2023,69863,$89.46 ,69863,#$%^%^69863######89.46&^vv^%^
C-685204,Glycol Ethers,P-16484,1/25/2023,46140,$89.46 ,46140,#$%^%^46140######89.46&^vv^%^
C-685706,Sodium Hypochlorite,P-14445,1/26/2023,22365,$45.00 ,22365,#$%^%^22365######45&^vv^%^
C-685328,Sodium Hypochlorite,P-14445,1/27/2023,37264,$45.00 ,37264,#$%^%^37264######45&^vv^%^
C-685343,Hydrogen Peroxide,P-17889,1/28/2023,42157,$57.89 ,42157,#$%^%^42157######57.89&^vv^%^
C-685571,Hydrogen Peroxide,P-17889,1/29/2023,26933,$57.89 ,26933,#$%^%^26933######57.89&^vv^%^
C-685134,Sodium Hydroxide,P-12810,1/30/2023,40217,$76.86 ,40217,#$%^%^40217######76.86&^vv^%^
C-685286,Sodium Hypochlorite,,1/31/2023,63987,$45.00 ,63987,#$%^%^63987######45&^vv^%^
C-685674,Sodium Hydroxide,P-12810,2/1/2023,37627,$76.86 ,37627,#$%^%^37627######76.86&^vv^%^
C-685793,Hydrogen Peroxide,P-17889,2/2/2023,13774,$57.89 ,13774,#$%^%^13774######57.89&^vv^%^
C-685143,Isopropyl Alcohol,P-15586,2/3/2023,52655,$154.74 ,52655,#$%^%^52655######154.74&^vv^%^
C-685077,Isopropyl Alcohol,P-15586,2/4/2023,24889,$154.74 ,24889,#$%^%^24889######154.74&^vv^%^
C-685931,Hydrogen Peroxide,P-17889,2/5/2023,37104,$57.89 ,37104,#$%^%^37104######57.89&^vv^%^
C-685048,Glycol Ethers,P-16484,2/6/2023,12869,$89.46 ,12869,#$%^%^12869######89.46&^vv^%^
C-685742,Sodium Hypochlorite,P-14445,2/7/2023,13924,$45.00 ,13924,#$%^%^13924######45&^vv^%^
C-685002,Sodium Hydroxide,P-12810,2/8/2023,64067,$76.86 ,64067,#$%^%^64067######76.86&^vv^%^
C-685638,Sodium Hydroxide,P-12810,2/9/2023,32366,$76.86 ,32366,#$%^%^32366######76.86&^vv^%^
C-685197,Isopropyl Alcohol,P-15586,2/10/2023,16514,$154.74 ,16514,#$%^%^16514######154.74&^vv^%^
C-685265,Hydrogen Peroxide,P-17889,2/11/2023,31350,$57.89 ,31350,#$%^%^31350######57.89&^vv^%^
C-685357,Hydrochloric Acid,P-13770,2/12/2023,3031,$165.00 ,3031,#$%^%^3031######165&^vv^%^
C-685620,Sodium Hydroxide,P-12810,2/13/2023,1482,$76.86 ,1482,#$%^%^1482######76.86&^vv^%^
C-685614,Sodium Hydroxide,,2/14/2023,68588,$76.86 ,68588,#$%^%^68588######76.86&^vv^%^
C-685509,Isopropyl Alcohol,P-15586,2/15/2023,43488,$154.74 ,43488,#$%^%^43488######154.74&^vv^%^
C-685491,Isopropyl Alcohol,P-15586,2/16/2023,21336,$154.74 ,21336,#$%^%^21336######154.74&^vv^%^
C-685025,Hydrogen Peroxide,P-17889,2/17/2023,67010,$57.89 ,67010,#$%^%^67010######57.89&^vv^%^
C-685711,Hydrochloric Acid,P-13770,2/18/2023,59869,$165.00 ,59869,#$%^%^59869######165&^vv^%^
C-685412,Sodium Hypochlorite,P-14445,2/19/2023,68109,$45.00 ,68109,#$%^%^68109######45&^vv^%^
C-685632,Sodium Hydroxide,P-12810,2/20/2023,57122,$76.86 ,57122,#$%^%^57122######76.86&^vv^%^
C-685018,Glycol Ethers,P-16484,2/21/2023,69236,$89.46 ,69236,#$%^%^69236######89.46&^vv^%^
C-685613,Hydrogen Peroxide,P-17889,2/22/2023,30755,$57.89 ,30755,#$%^%^30755######57.89&^vv^%^
C-685078,Glycol Ethers,P-16484,2/23/2023,839,$89.46 ,839,#$%^%^839######89.46&^vv^%^
C-685437,Isopropyl Alcohol,P-15586,2/24/2023,66253,$154.74 ,66253,#$%^%^66253######154.74&^vv^%^
C-685594,Glycol Ethers,P-16484,2/25/2023,67125,$89.46 ,67125,#$%^%^67125######89.46&^vv^%^
C-685351,Hydrochloric Acid,P-13770,2/26/2023,63376,$165.00 ,63376,#$%^%^63376######165&^vv^%^
C-685633,Hydrochloric Acid,P-13770,2/27/2023,61564,$165.00 ,61564,#$%^%^61564######165&^vv^%^
C-685552,Glycol Ethers,P-16484,2/28/2023,44333,$89.46 ,44333,#$%^%^44333######89.46&^vv^%^
C-685339,Hydrochloric Acid,P-13770,3/1/2023,51219,$165.00 ,51219,#$%^%^51219######165&^vv^%^
C-685019,Hydrogen Peroxide,P-17889,3/2/2023,69481,$57.89 ,69481,#$%^%^69481######57.89&^vv^%^
C-685148,Sodium Hypochlorite,,3/3/2023,61939,$45.00 ,61939,#$%^%^61939######45&^vv^%^
C-685287,Isopropyl Alcohol,P-15586,3/4/2023,2679,$154.74 ,2679,#$%^%^2679######154.74&^vv^%^
C-685827,Isopropyl Alcohol,P-15586,3/5/2023,65627,$154.74 ,65627,#$%^%^65627######154.74&^vv^%^
C-685829,Hydrogen Peroxide,P-17889,3/6/2023,63753,$57.89 ,63753,#$%^%^63753######57.89&^vv^%^
C-685834,Glycol Ethers,P-16484,3/7/2023,39040,$89.46 ,39040,#$%^%^39040######89.46&^vv^%^
C-685769,Hydrogen Peroxide,P-17889,3/8/2023,49548,$57.89 ,49548,#$%^%^49548######57.89&^vv^%^
C-685546,Glycol Ethers,P-16484,3/9/2023,63531,$89.46 ,63531,#$%^%^63531######89.46&^vv^%^
C-685728,Sodium Hydroxide,P-12810,3/10/2023,42263,$76.86 ,42263,#$%^%^42263######76.86&^vv^%^
C-685411,Hydrochloric Acid,P-13770,3/11/2023,64115,$165.00 ,64115,#$%^%^64115######165&^vv^%^
C-685005,Isopropyl Alcohol,P-15586,3/12/2023,7635,$154.74 ,7635,#$%^%^7635######154.74&^vv^%^
C-685588,Glycol Ethers,P-16484,3/13/2023,23310,$89.46 ,23310,#$%^%^23310######89.46&^vv^%^
C-685261,Hydrochloric Acid,P-13770,3/14/2023,68247,$165.00 ,68247,#$%^%^68247######165&^vv^%^
C-685888,Glycol Ethers,P-16484,3/15/2023,13732,$89.46 ,13732,#$%^%^13732######89.46&^vv^%^
C-685248,Sodium Hydroxide,P-12810,3/16/2023,995,$76.86 ,995,#$%^%^995######76.86&^vv^%^
C-685582,Glycol Ethers,P-16484,3/17/2023,13797,$89.46 ,13797,#$%^%^13797######89.46&^vv^%^
C-685476,Sodium Hydroxide,P-12810,3/18/2023,32517,$76.86 ,32517,#$%^%^32517######76.86&^vv^%^
C-684982,Glycol Ethers,,3/19/2023,56145,$89.46 ,56145,#$%^%^56145######89.46&^vv^%^
C-685084,Glycol Ethers,P-16484,3/20/2023,54558,$89.46 ,54558,#$%^%^54558######89.46&^vv^%^
C-684999,Isopropyl Alcohol,P-15586,3/21/2023,10726,$154.74 ,10726,#$%^%^10726######154.74&^vv^%^
C-685061,Hydrogen Peroxide,P-17889,3/22/2023,44942,$57.89 ,44942,#$%^%^44942######57.89&^vv^%^
C-685054,Glycol Ethers,P-16484,3/23/2023,22568,$89.46 ,22568,#$%^%^22568######89.46&^vv^%^
C-685303,Hydrochloric Acid,,3/24/2023,43051,$165.00 ,43051,#$%^%^43051######165&^vv^%^
C-685073,Hydrogen Peroxide,P-17889,3/25/2023,28351,$57.89 ,28351,#$%^%^28351######57.89&^vv^%^
C-685905,Isopropyl Alcohol,P-15586,3/26/2023,10882,$154.74 ,10882,#$%^%^10882######154.74&^vv^%^
C-685604,Sodium Hypochlorite,P-14445,3/27/2023,32690,$45.00 ,32690,#$%^%^32690######45&^vv^%^
C-685283,Hydrogen Peroxide,P-17889,3/28/2023,9603,$57.89 ,9603,#$%^%^9603######57.89&^vv^%^
C-685458,Sodium Hydroxide,P-12810,3/29/2023,34921,$76.86 ,34921,#$%^%^34921######76.86&^vv^%^
C-684991,Hydrochloric Acid,P-13770,3/30/2023,40810,$165.00 ,40810,#$%^%^40810######165&^vv^%^
C-685208,Sodium Hypochlorite,P-14445,3/31/2023,8320,$45.00 ,8320,#$%^%^8320######45&^vv^%^
C-685104,Sodium Hydroxide,P-12810,4/1/2023,45714,$76.86 ,45714,#$%^%^45714######76.86&^vv^%^
C-685301,Hydrogen Peroxide,P-17889,4/2/2023,50565,$57.89 ,50565,#$%^%^50565######57.89&^vv^%^
C-685772,Sodium Hypochlorite,P-14445,4/3/2023,9877,$45.00 ,9877,#$%^%^9877######45&^vv^%^
C-685323,Isopropyl Alcohol,P-15586,4/4/2023,35238,$154.74 ,35238,#$%^%^35238######154.74&^vv^%^
C-685288,Glycol Ethers,P-16484,4/5/2023,59839,$89.46 ,59839,#$%^%^59839######89.46&^vv^%^
C-685122,Sodium Hydroxide,P-12810,4/6/2023,21574,$76.86 ,21574,#$%^%^21574######76.86&^vv^%^
C-685448,Sodium Hypochlorite,P-14445,4/7/2023,2146,$45.00 ,2146,#$%^%^2146######45&^vv^%^
C-685685,Hydrogen Peroxide,P-17889,4/8/2023,33558,$57.89 ,33558,#$%^%^33558######57.89&^vv^%^
C-685615,Hydrochloric Acid,P-13770,4/9/2023,36738,$165.00 ,36738,#$%^%^36738######165&^vv^%^
C-685201,Hydrochloric Acid,P-13770,4/10/2023,29944,$165.00 ,29944,#$%^%^29944######165&^vv^%^
C-685481,Hydrogen Peroxide,P-17889,4/11/2023,16123,$57.89 ,16123,#$%^%^16123######57.89&^vv^%^
C-684957,Isopropyl Alcohol,P-15586,4/12/2023,51412,$154.74 ,51412,#$%^%^51412######154.74&^vv^%^
C-685150,Glycol Ethers,P-16484,4/13/2023,20579,$89.46 ,20579,#$%^%^20579######89.46&^vv^%^
C-685657,Hydrochloric Acid,P-13770,4/14/2023,36768,$165.00 ,36768,#$%^%^36768######165&^vv^%^
C-685377,Isopropyl Alcohol,P-15586,4/15/2023,26697,$154.74 ,26697,#$%^%^26697######154.74&^vv^%^
C-685190,Sodium Hypochlorite,P-14445,4/16/2023,62666,$45.00 ,62666,#$%^%^62666######45&^vv^%^
C-685431,Isopropyl Alcohol,P-15586,4/17/2023,36977,$154.74 ,36977,#$%^%^36977######154.74&^vv^%^
C-685708,Glycol Ethers,P-16484,4/18/2023,37954,$89.46 ,37954,#$%^%^37954######89.46&^vv^%^
C-685699,Hydrochloric Acid,P-13770,4/19/2023,34200,$165.00 ,34200,#$%^%^34200######165&^vv^%^
C-685171,Hydrochloric Acid,P-13770,4/20/2023,54716,$165.00 ,54716,#$%^%^54716######165&^vv^%^
C-685917,Isopropyl Alcohol,P-15586,4/21/2023,19329,$154.74 ,19329,#$%^%^19329######154.74&^vv^%^
C-685715,Hydrogen Peroxide,P-17889,4/22/2023,52758,$57.89 ,52758,#$%^%^52758######57.89&^vv^%^
C-685914,Sodium Hydroxide,P-12810,4/23/2023,52857,$76.86 ,52857,#$%^%^52857######76.86&^vv^%^
C-685278,Sodium Hydroxide,P-12810,4/24/2023,51082,$76.86 ,51082,#$%^%^51082######76.86&^vv^%^
C-685592,Sodium Hypochlorite,P-14445,4/25/2023,49605,$45.00 ,49605,#$%^%^49605######45&^vv^%^
C-685426,Glycol Ethers,P-16484,4/26/2023,1534,$89.46 ,1534,#$%^%^1534######89.46&^vv^%^
C-685944,Sodium Hydroxide,P-12810,4/27/2023,65901,$76.86 ,65901,#$%^%^65901######76.86&^vv^%^
C-685559,Hydrogen Peroxide,P-17889,4/28/2023,15552,$57.89 ,15552,#$%^%^15552######57.89&^vv^%^
C-685135,Hydrochloric Acid,P-13770,4/29/2023,63925,$165.00 ,63925,#$%^%^63925######165&^vv^%^
C-685738,Glycol Ethers,P-16484,4/30/2023,59191,$89.46 ,59191,#$%^%^59191######89.46&^vv^%^
C-685279,Hydrochloric Acid,P-13770,5/1/2023,44800,$165.00 ,44800,#$%^%^44800######165&^vv^%^
C-684995,Hydrogen Peroxide,P-17889,5/2/2023,6604,$57.89 ,6604,#$%^%^6604######57.89&^vv^%^
C-685761,Isopropyl Alcohol,P-15586,5/3/2023,24126,$154.74 ,24126,#$%^%^24126######154.74&^vv^%^
C-685811,Hydrogen Peroxide,P-17889,5/4/2023,58180,$57.89 ,58180,#$%^%^58180######57.89&^vv^%^
C-685356,Sodium Hydroxide,,5/5/2023,57814,$76.86 ,57814,#$%^%^57814######76.86&^vv^%^
C-685341,Isopropyl Alcohol,P-15586,5/6/2023,36015,$154.74 ,36015,#$%^%^36015######154.74&^vv^%^
C-685348,Glycol Ethers,P-16484,5/7/2023,64018,$89.46 ,64018,#$%^%^64018######89.46&^vv^%^
C-685308,Sodium Hydroxide,P-12810,5/8/2023,61424,$76.86 ,61424,#$%^%^61424######76.86&^vv^%^
C-685051,Hydrochloric Acid,P-13770,5/9/2023,56399,$165.00 ,56399,#$%^%^56399######165&^vv^%^
C-685691,Hydrogen Peroxide,P-17889,5/10/2023,30962,$57.89 ,30962,#$%^%^30962######57.89&^vv^%^
C-685447,Hydrochloric Acid,P-13770,5/11/2023,48313,$165.00 ,48313,#$%^%^48313######165&^vv^%^
C-685060,Glycol Ethers,P-16484,5/12/2023,52231,$89.46 ,52231,#$%^%^52231######89.46&^vv^%^
C-685244,Sodium Hypochlorite,P-14445,5/13/2023,69105,$45.00 ,69105,#$%^%^69105######45&^vv^%^
C-685663,Hydrochloric Acid,P-13770,5/14/2023,49653,$165.00 ,49653,#$%^%^49653######165&^vv^%^
C-685349,Hydrogen Peroxide,P-17889,5/15/2023,9373,$57.89 ,9373,#$%^%^9373######57.89&^vv^%^
C-685306,Glycol Ethers,,5/16/2023,3033,$89.46 ,3033,#$%^%^3033######89.46&^vv^%^
C-685252,Glycol Ethers,P-16484,5/17/2023,238,$89.46 ,238,#$%^%^238######89.46&^vv^%^
C-685439,Hydrogen Peroxide,P-17889,5/18/2023,46443,$57.89 ,46443,#$%^%^46443######57.89&^vv^%^
C-685304,Sodium Hypochlorite,P-14445,5/19/2023,61089,$45.00 ,61089,#$%^%^61089######45&^vv^%^
C-685092,Sodium Hydroxide,P-12810,5/20/2023,21349,$76.86 ,21349,#$%^%^21349######76.86&^vv^%^
C-685400,Sodium Hypochlorite,P-14445,5/21/2023,28811,$45.00 ,28811,#$%^%^28811######45&^vv^%^
C-685569,Isopropyl Alcohol,P-15586,5/22/2023,1077,$154.74 ,1077,#$%^%^1077######154.74&^vv^%^
C-685365,Isopropyl Alcohol,P-15586,5/23/2023,10459,$154.74 ,10459,#$%^%^10459######154.74&^vv^%^
C-685461,Isopropyl Alcohol,P-15586,5/24/2023,5092,$154.74 ,5092,#$%^%^5092######154.74&^vv^%^
C-685087,Hydrochloric Acid,P-13770,5/25/2023,22312,$165.00 ,22312,#$%^%^22312######165&^vv^%^
C-685858,Glycol Ethers,P-16484,5/26/2023,37415,$89.46 ,37415,#$%^%^37415######89.46&^vv^%^
C-685373,Hydrogen Peroxide,P-17889,5/27/2023,9596,$57.89 ,9596,#$%^%^9596######57.89&^vv^%^
C-685731,Isopropyl Alcohol,P-15586,5/28/2023,41623,$154.74 ,41623,#$%^%^41623######154.74&^vv^%^
C-685129,Hydrochloric Acid,P-13770,5/29/2023,7134,$165.00 ,7134,#$%^%^7134######165&^vv^%^
C-685673,Hydrogen Peroxide,P-17889,5/30/2023,2621,$57.89 ,2621,#$%^%^2621######57.89&^vv^%^
C-685159,Hydrochloric Acid,P-13770,5/31/2023,62259,$165.00 ,62259,#$%^%^62259######165&^vv^%^
C-685390,Glycol Ethers,P-16484,6/1/2023,29336,$89.46 ,29336,#$%^%^29336######89.46&^vv^%^
C-685096,Glycol Ethers,P-16484,6/2/2023,15907,$89.46 ,15907,#$%^%^15907######89.46&^vv^%^
C-685407,Isopropyl Alcohol,P-15586,6/3/2023,44020,$154.74 ,44020,#$%^%^44020######154.74&^vv^%^
C-685375,Hydrochloric Acid,P-13770,6/4/2023,27453,$165.00 ,27453,#$%^%^27453######165&^vv^%^
C-685173,Isopropyl Alcohol,P-15586,6/5/2023,34919,$154.74 ,34919,#$%^%^34919######154.74&^vv^%^
C-685090,Glycol Ethers,P-16484,6/6/2023,67050,$89.46 ,67050,#$%^%^67050######89.46&^vv^%^
C-685732,Glycol Ethers,P-16484,6/7/2023,55885,$89.46 ,55885,#$%^%^55885######89.46&^vv^%^
C-685396,Glycol Ethers,P-16484,6/8/2023,52157,$89.46 ,52157,#$%^%^52157######89.46&^vv^%^
C-685799,Hydrogen Peroxide,P-17889,6/9/2023,25858,$57.89 ,25858,#$%^%^25858######57.89&^vv^%^
C-684963,Isopropyl Alcohol,P-15586,6/10/2023,24239,$154.74 ,24239,#$%^%^24239######154.74&^vv^%^
C-685340,Sodium Hypochlorite,P-14445,6/11/2023,65133,$45.00 ,65133,#$%^%^65133######45&^vv^%^
C-685940,Sodium Hypochlorite,P-14445,6/12/2023,25447,$45.00 ,25447,#$%^%^25447######45&^vv^%^
C-685325,Hydrogen Peroxide,P-17889,6/13/2023,32029,$57.89 ,32029,#$%^%^32029######57.89&^vv^%^
C-685627,Hydrochloric Acid,P-13770,6/14/2023,24497,$165.00 ,24497,#$%^%^24497######165&^vv^%^
C-685050,Sodium Hydroxide,P-12810,6/15/2023,36087,$76.86 ,36087,#$%^%^36087######76.86&^vv^%^
C-685124,Sodium Hypochlorite,P-14445,6/16/2023,41337,$45.00 ,41337,#$%^%^41337######45&^vv^%^
C-685501,Hydrochloric Acid,P-13770,6/17/2023,17349,$165.00 ,17349,#$%^%^17349######165&^vv^%^
C-685751,Hydrogen Peroxide,P-17889,6/18/2023,53971,$57.89 ,53971,#$%^%^53971######57.89&^vv^%^
C-685550,Sodium Hypochlorite,P-14445,6/19/2023,52058,$45.00 ,52058,#$%^%^52058######45&^vv^%^
C-685703,Hydrogen Peroxide,P-17889,6/20/2023,26294,$57.89 ,26294,#$%^%^26294######57.89&^vv^%^
C-685290,Sodium Hydroxide,P-12810,6/21/2023,58279,$76.86 ,58279,#$%^%^58279######76.86&^vv^%^
C-685842,Sodium Hydroxide,P-12810,6/22/2023,52481,$76.86 ,52481,#$%^%^52481######76.86&^vv^%^
C-685714,Glycol Ethers,P-16484,6/23/2023,28916,$89.46 ,28916,#$%^%^28916######89.46&^vv^%^
C-685868,Sodium Hypochlorite,P-14445,6/24/2023,4083,$45.00 ,4083,#$%^%^4083######45&^vv^%^
C-685950,Sodium Hydroxide,P-12810,6/25/2023,14414,$76.86 ,14414,#$%^%^14414######76.86&^vv^%^
C-685319,Hydrogen Peroxide,P-17889,6/26/2023,21708,$57.89 ,21708,#$%^%^21708######57.89&^vv^%^
C-685767,Isopropyl Alcohol,P-15586,6/27/2023,60599,$154.74 ,60599,#$%^%^60599######154.74&^vv^%^
C-685820,Sodium Hypochlorite,P-14445,6/28/2023,69824,$45.00 ,69824,#$%^%^69824######45&^vv^%^
C-685934,Sodium Hypochlorite,P-14445,6/29/2023,28878,$45.00 ,28878,#$%^%^28878######45&^vv^%^
C-685544,Sodium Hypochlorite,P-14445,6/30/2023,6398,$45.00 ,6398,#$%^%^6398######45&^vv^%^
C-685554,Sodium Hydroxide,P-12810,7/1/2023,60186,$76.86 ,60186,#$%^%^60186######76.86&^vv^%^
C-685668,Sodium Hydroxide,P-12810,7/2/2023,45750,$76.86 ,45750,#$%^%^45750######76.86&^vv^%^
C-685876,Glycol Ethers,P-16484,7/3/2023,23500,$89.46 ,23500,#$%^%^23500######89.46&^vv^%^
C-685914,Sodium Hydroxide,P-12810,7/4/2023,37037,$76.86 ,37037,#$%^%^37037######76.86&^vv^%^
C-685669,Hydrochloric Acid,P-13770,7/5/2023,24666,$165.00 ,24666,#$%^%^24666######165&^vv^%^
C-685294,Glycol Ethers,P-16484,7/6/2023,47823,$89.46 ,47823,#$%^%^47823######89.46&^vv^%^
C-685046,Sodium Hypochlorite,P-14445,7/7/2023,15883,$45.00 ,15883,#$%^%^15883######45&^vv^%^
C-685312,Glycol Ethers,P-16484,7/8/2023,59970,$89.46 ,59970,#$%^%^59970######89.46&^vv^%^
C-685943,Hydrogen Peroxide,P-17889,7/9/2023,28706,$57.89 ,28706,#$%^%^28706######57.89&^vv^%^
C-685198,Glycol Ethers,P-16484,7/10/2023,36904,$89.46 ,36904,#$%^%^36904######89.46&^vv^%^
C-685557,Isopropyl Alcohol,P-15586,7/11/2023,12685,$154.74 ,12685,#$%^%^12685######154.74&^vv^%^
C-685495,Hydrochloric Acid,P-13770,7/12/2023,15271,$165.00 ,15271,#$%^%^15271######165&^vv^%^
C-685105,Hydrochloric Acid,P-13770,7/13/2023,28799,$165.00 ,28799,#$%^%^28799######165&^vv^%^
C-685666,Glycol Ethers,P-16484,7/14/2023,3398,$89.46 ,3398,#$%^%^3398######89.46&^vv^%^
C-685946,Sodium Hypochlorite,P-14445,7/15/2023,40676,$45.00 ,40676,#$%^%^40676######45&^vv^%^
C-685318,Glycol Ethers,P-16484,7/16/2023,62932,$89.46 ,62932,#$%^%^62932######89.46&^vv^%^
C-685446,Sodium Hydroxide,P-12810,7/17/2023,38530,$76.86 ,38530,#$%^%^38530######76.86&^vv^%^
C-685573,Hydrochloric Acid,P-13770,7/18/2023,23864,$165.00 ,23864,#$%^%^23864######165&^vv^%^
C-685845,Isopropyl Alcohol,P-15586,7/19/2023,25374,$154.74 ,25374,#$%^%^25374######154.74&^vv^%^
C-685937,Hydrogen Peroxide,P-17889,7/20/2023,39359,$57.89 ,39359,#$%^%^39359######57.89&^vv^%^
C-685270,Glycol Ethers,P-16484,7/21/2023,40904,$89.46 ,40904,#$%^%^40904######89.46&^vv^%^
C-685206,Sodium Hydroxide,P-12810,7/22/2023,64692,$76.86 ,64692,#$%^%^64692######76.86&^vv^%^
C-685951,Hydrochloric Acid,P-13770,7/23/2023,42453,$165.00 ,42453,#$%^%^42453######165&^vv^%^
C-685389,Isopropyl Alcohol,P-15586,7/24/2023,29890,$154.74 ,29890,#$%^%^29890######154.74&^vv^%^
C-685782,Sodium Hydroxide,P-12810,7/25/2023,55663,$76.86 ,55663,#$%^%^55663######76.86&^vv^%^
C-685175,Hydrogen Peroxide,,7/26/2023,69360,$57.89 ,69360,#$%^%^69360######57.89&^vv^%^
C-685031,Hydrogen Peroxide,P-17889,7/27/2023,61420,$57.89 ,61420,#$%^%^61420######57.89&^vv^%^
C-685034,Sodium Hypochlorite,,7/28/2023,34813,$45.00 ,34813,#$%^%^34813######45&^vv^%^
C-685719,Isopropyl Alcohol,P-15586,7/29/2023,67362,$154.74 ,67362,#$%^%^67362######154.74&^vv^%^
C-685502,Sodium Hypochlorite,P-14445,7/30/2023,53278,$45.00 ,53278,#$%^%^53278######45&^vv^%^
C-685009,Hydrochloric Acid,P-13770,7/31/2023,28394,$165.00 ,28394,#$%^%^28394######165&^vv^%^
C-685893,Isopropyl Alcohol,P-15586,8/1/2023,26589,$154.74 ,26589,#$%^%^26589######154.74&^vv^%^
C-685528,Glycol Ethers,P-16484,8/2/2023,267,$89.46 ,267,#$%^%^267######89.46&^vv^%^
C-685838,Sodium Hypochlorite,P-14445,8/3/2023,13267,$45.00 ,13267,#$%^%^13267######45&^vv^%^
C-685549,Hydrochloric Acid,P-13770,8/4/2023,27507,$165.00 ,27507,#$%^%^27507######165&^vv^%^
C-685570,Glycol Ethers,P-16484,8/5/2023,67116,$89.46 ,67116,#$%^%^67116######89.46&^vv^%^
C-685089,Isopropyl Alcohol,P-15586,8/6/2023,11105,$154.74 ,11105,#$%^%^11105######154.74&^vv^%^
C-685183,Hydrochloric Acid,P-13770,8/7/2023,56860,$165.00 ,56860,#$%^%^56860######165&^vv^%^
C-685186,Glycol Ethers,P-16484,8/8/2023,27541,$89.46 ,27541,#$%^%^27541######89.46&^vv^%^
C-685013,Hydrogen Peroxide,P-17889,8/9/2023,54499,$57.89 ,54499,#$%^%^54499######57.89&^vv^%^
C-684961,Hydrochloric Acid,P-13770,8/10/2023,65616,$165.00 ,65616,#$%^%^65616######165&^vv^%^
C-685095,Isopropyl Alcohol,P-15586,8/11/2023,52231,$154.74 ,52231,#$%^%^52231######154.74&^vv^%^
C-685414,Glycol Ethers,P-16484,8/12/2023,17122,$89.46 ,17122,#$%^%^17122######89.46&^vv^%^
C-685137,Isopropyl Alcohol,P-15586,8/13/2023,55397,$154.74 ,55397,#$%^%^55397######154.74&^vv^%^
C-685231,Hydrochloric Acid,P-13770,8/14/2023,13440,$165.00 ,13440,#$%^%^13440######165&^vv^%^
C-685141,Hydrochloric Acid,P-13770,8/15/2023,11852,$165.00 ,11852,#$%^%^11852######165&^vv^%^
C-685404,Sodium Hydroxide,P-12810,8/16/2023,34654,$76.86 ,34654,#$%^%^34654######76.86&^vv^%^
C-685791,Isopropyl Alcohol,,8/17/2023,10504,$154.74 ,10504,#$%^%^10504######154.74&^vv^%^
C-685716,Sodium Hydroxide,P-12810,8/18/2023,5014,$76.86 ,5014,#$%^%^5014######76.86&^vv^%^
C-685507,Hydrochloric Acid,P-13770,8/19/2023,58132,$165.00 ,58132,#$%^%^58132######165&^vv^%^
C-685436,Sodium Hypochlorite,P-14445,8/20/2023,66201,$45.00 ,66201,#$%^%^66201######45&^vv^%^
C-685590,Sodium Hydroxide,P-12810,8/21/2023,13823,$76.86 ,13823,#$%^%^13823######76.86&^vv^%^
C-685106,Sodium Hypochlorite,P-14445,8/22/2023,23922,$45.00 ,23922,#$%^%^23922######45&^vv^%^
C-685021,Hydrochloric Acid,P-13770,8/23/2023,33137,$165.00 ,33137,#$%^%^33137######165&^vv^%^
C-685161,Isopropyl Alcohol,P-15586,8/24/2023,59835,$154.74 ,59835,#$%^%^59835######154.74&^vv^%^
C-685110,Sodium Hydroxide,P-12810,8/25/2023,23520,$76.86 ,23520,#$%^%^23520######76.86&^vv^%^
C-685812,Sodium Hydroxide,P-12810,8/26/2023,27310,$76.86 ,27310,#$%^%^27310######76.86&^vv^%^
C-685547,Hydrogen Peroxide,,8/27/2023,5060,$57.89 ,5060,#$%^%^5060######57.89&^vv^%^
C-685172,Sodium Hypochlorite,P-14445,8/28/2023,64648,$45.00 ,64648,#$%^%^64648######45&^vv^%^
C-685531,Hydrochloric Acid,P-13770,8/29/2023,69444,$165.00 ,69444,#$%^%^69444######165&^vv^%^
C-685466,Sodium Hypochlorite,P-14445,8/30/2023,42421,$45.00 ,42421,#$%^%^42421######45&^vv^%^
C-685712,Sodium Hypochlorite,P-14445,8/31/2023,44869,$45.00 ,44869,#$%^%^44869######45&^vv^%^
C-685468,Glycol Ethers,P-16484,9/1/2023,64780,$89.46 ,64780,#$%^%^64780######89.46&^vv^%^
C-685600,Glycol Ethers,P-16484,9/2/2023,66998,$89.46 ,66998,#$%^%^66998######89.46&^vv^%^
C-685739,Hydrogen Peroxide,P-17889,9/3/2023,24747,$57.89 ,24747,#$%^%^24747######57.89&^vv^%^
C-685477,Hydrochloric Acid,P-13770,9/4/2023,60044,$165.00 ,60044,#$%^%^60044######165&^vv^%^
C-685215,Isopropyl Alcohol,P-15586,9/5/2023,4031,$154.74 ,4031,#$%^%^4031######154.74&^vv^%^
C-685892,Sodium Hypochlorite,P-14445,9/6/2023,67595,$45.00 ,67595,#$%^%^67595######45&^vv^%^
C-685384,Glycol Ethers,P-16484,9/7/2023,22516,$89.46 ,22516,#$%^%^22516######89.46&^vv^%^
C-685267,Hydrochloric Acid,P-13770,9/8/2023,33439,$165.00 ,33439,#$%^%^33439######165&^vv^%^
C-685759,Hydrochloric Acid,P-13770,9/9/2023,53777,$165.00 ,53777,#$%^%^53777######165&^vv^%^
C-685551,Isopropyl Alcohol,P-15586,9/10/2023,63594,$154.74 ,63594,#$%^%^63594######154.74&^vv^%^
C-685741,Hydrochloric Acid,P-13770,9/11/2023,22821,$165.00 ,22821,#$%^%^22821######165&^vv^%^
C-685068,Sodium Hydroxide,P-12810,9/12/2023,16423,$76.86 ,16423,#$%^%^16423######76.86&^vv^%^
C-685516,Glycol Ethers,P-16484,9/13/2023,49820,$89.46 ,49820,#$%^%^49820######89.46&^vv^%^
C-685830,Sodium Hydroxide,P-12810,9/14/2023,28114,$76.86 ,28114,#$%^%^28114######76.86&^vv^%^
C-685926,Sodium Hydroxide,P-12810,9/15/2023,45915,$76.86 ,45915,#$%^%^45915######76.86&^vv^%^
C-685246,Glycol Ethers,P-16484,9/16/2023,47350,$89.46 ,47350,#$%^%^47350######89.46&^vv^%^
C-685296,Sodium Hydroxide,P-12810,9/17/2023,44173,$76.86 ,44173,#$%^%^44173######76.86&^vv^%^
C-685889,Hydrogen Peroxide,P-17889,9/18/2023,12687,$57.89 ,12687,#$%^%^12687######57.89&^vv^%^
C-685537,Hydrochloric Acid,P-13770,9/19/2023,34917,$165.00 ,34917,#$%^%^34917######165&^vv^%^
C-685750,Glycol Ethers,P-16484,9/20/2023,5677,$89.46 ,5677,#$%^%^5677######89.46&^vv^%^
C-685353,Isopropyl Alcohol,P-15586,9/21/2023,41194,$154.74 ,41194,#$%^%^41194######154.74&^vv^%^
C-685861,Hydrochloric Acid,P-13770,9/22/2023,33057,$165.00 ,33057,#$%^%^33057######165&^vv^%^
C-685490,Sodium Hypochlorite,P-14445,9/23/2023,34572,$45.00 ,34572,#$%^%^34572######45&^vv^%^
C-685196,Sodium Hypochlorite,P-14445,9/24/2023,42292,$45.00 ,42292,#$%^%^42292######45&^vv^%^
C-685282,Glycol Ethers,P-16484,9/25/2023,62245,$89.46 ,62245,#$%^%^62245######89.46&^vv^%^
C-685102,Glycol Ethers,P-16484,9/26/2023,44379,$89.46 ,44379,#$%^%^44379######89.46&^vv^%^
C-685545,Isopropyl Alcohol,P-15586,9/27/2023,32531,$154.74 ,32531,#$%^%^32531######154.74&^vv^%^
C-685243,Hydrochloric Acid,P-13770,9/28/2023,28048,$165.00 ,28048,#$%^%^28048######165&^vv^%^
C-685184,Sodium Hypochlorite,P-14445,9/29/2023,4960,$45.00 ,4960,#$%^%^4960######45&^vv^%^
C-685102,Glycol Ethers,P-16484,9/30/2023,21510,$89.46 ,21510,#$%^%^21510######89.46&^vv^%^
C-685292,Sodium Hypochlorite,P-14445,10/1/2023,57413,$45.00 ,57413,#$%^%^57413######45&^vv^%^
C-685631,Hydrogen Peroxide,P-17889,10/2/2023,61431,$57.89 ,61431,#$%^%^61431######57.89&^vv^%^
C-685856,Sodium Hypochlorite,P-14445,10/3/2023,39567,$45.00 ,39567,#$%^%^39567######45&^vv^%^
C-685752,Sodium Hydroxide,P-12810,10/4/2023,66018,$76.86 ,66018,#$%^%^66018######76.86&^vv^%^
C-685574,Sodium Hypochlorite,P-14445,10/5/2023,45773,$45.00 ,45773,#$%^%^45773######45&^vv^%^
C-685787,Hydrogen Peroxide,,10/6/2023,10820,$57.89 ,10820,#$%^%^10820######57.89&^vv^%^
C-685921,Hydrochloric Acid,,10/7/2023,69058,$165.00 ,69058,#$%^%^69058######165&^vv^%^
C-685457,Hydrogen Peroxide,P-17889,10/8/2023,5670,$57.89 ,5670,#$%^%^5670######57.89&^vv^%^
C-685527,Isopropyl Alcohol,P-15586,10/9/2023,63977,$154.74 ,63977,#$%^%^63977######154.74&^vv^%^
C-685526,Sodium Hypochlorite,P-14445,10/10/2023,31804,$45.00 ,31804,#$%^%^31804######45&^vv^%^
C-685035,Isopropyl Alcohol,P-15586,10/11/2023,47511,$154.74 ,47511,#$%^%^47511######154.74&^vv^%^
C-685355,Hydrogen Peroxide,P-17889,10/12/2023,34985,$57.89 ,34985,#$%^%^34985######57.89&^vv^%^
C-685697,Hydrogen Peroxide,P-17889,10/13/2023,27432,$57.89 ,27432,#$%^%^27432######57.89&^vv^%^
C-685332,Sodium Hydroxide,P-12810,10/14/2023,29773,$76.86 ,29773,#$%^%^29773######76.86&^vv^%^
C-685828,Glycol Ethers,P-16484,10/15/2023,50010,$89.46 ,50010,#$%^%^50010######89.46&^vv^%^
C-685430,Sodium Hypochlorite,P-14445,10/16/2023,51227,$45.00 ,51227,#$%^%^51227######45&^vv^%^
C-685580,Sodium Hypochlorite,P-14445,10/17/2023,47593,$45.00 ,47593,#$%^%^47593######45&^vv^%^
C-685885,Hydrochloric Acid,P-13770,10/18/2023,870,$165.00 ,870,#$%^%^870######165&^vv^%^
C-685702,Glycol Ethers,P-16484,10/19/2023,35047,$89.46 ,35047,#$%^%^35047######89.46&^vv^%^
C-685518,Sodium Hydroxide,P-12810,10/20/2023,28625,$76.86 ,28625,#$%^%^28625######76.86&^vv^%^
C-685771,Hydrochloric Acid,P-13770,10/21/2023,27138,$165.00 ,27138,#$%^%^27138######165&^vv^%^
C-685079,Hydrogen Peroxide,P-17889,10/22/2023,51098,$57.89 ,51098,#$%^%^51098######57.89&^vv^%^
C-685406,Sodium Hypochlorite,,10/23/2023,36646,$45.00 ,36646,#$%^%^36646######45&^vv^%^
C-685260,Sodium Hydroxide,P-12810,10/24/2023,18787,$76.86 ,18787,#$%^%^18787######76.86&^vv^%^
C-685678,Glycol Ethers,P-16484,10/25/2023,1154,$89.46 ,1154,#$%^%^1154######89.46&^vv^%^
C-685415,Hydrogen Peroxide,P-17889,10/26/2023,59077,$57.89 ,59077,#$%^%^59077######57.89&^vv^%^
C-685136,Sodium Hypochlorite,P-14445,10/27/2023,53617,$45.00 ,53617,#$%^%^53617######45&^vv^%^
C-685878,Sodium Hydroxide,P-12810,10/28/2023,42938,$76.86 ,42938,#$%^%^42938######76.86&^vv^%^
C-685650,Sodium Hydroxide,P-12810,10/29/2023,25423,$76.86 ,25423,#$%^%^25423######76.86&^vv^%^
C-685568,Sodium Hypochlorite,P-14445,10/30/2023,20204,$45.00 ,20204,#$%^%^20204######45&^vv^%^
C-685284,Sodium Hydroxide,P-12810,10/31/2023,723,$76.86 ,723,#$%^%^723######76.86&^vv^%^
C-685081,Hydrochloric Acid,P-13770,11/1/2023,40554,$165.00 ,40554,#$%^%^40554######165&^vv^%^
C-685326,Sodium Hydroxide,P-12810,11/2/2023,43986,$76.86 ,43986,#$%^%^43986######76.86&^vv^%^
C-685523,Hydrogen Peroxide,P-17889,11/3/2023,20804,$57.89 ,20804,#$%^%^20804######57.89&^vv^%^
C-684959,Hydrogen Peroxide,P-17889,11/4/2023,64974,$57.89 ,64974,#$%^%^64974######57.89&^vv^%^
C-685401,Isopropyl Alcohol,P-15586,11/5/2023,14254,$154.74 ,14254,#$%^%^14254######154.74&^vv^%^
C-685067,Hydrogen Peroxide,P-17889,11/6/2023,27063,$57.89 ,27063,#$%^%^27063######57.89&^vv^%^
C-685790,Sodium Hypochlorite,,11/7/2023,66947,$45.00 ,66947,#$%^%^66947######45&^vv^%^
C-685929,Isopropyl Alcohol,P-15586,11/8/2023,29177,$154.74 ,29177,#$%^%^29177######154.74&^vv^%^
C-685284,Hydrochloric Acid,P-13770,11/9/2023,1194,$165.00 ,1194,#$%^%^1194######165&^vv^%^
C-685617,Isopropyl Alcohol,P-15586,11/10/2023,45422,$154.74 ,45422,#$%^%^45422######154.74&^vv^%^
C-685687,Hydrochloric Acid,P-13770,11/11/2023,10145,$165.00 ,10145,#$%^%^10145######165&^vv^%^
C-684976,Glycol Ethers,P-16484,11/12/2023,41738,$89.46 ,41738,#$%^%^41738######89.46&^vv^%^
C-685510,Glycol Ethers,P-16484,11/13/2023,48106,$89.46 ,48106,#$%^%^48106######89.46&^vv^%^
C-685367,Hydrogen Peroxide,P-17889,11/14/2023,17614,$57.89 ,17614,#$%^%^17614######57.89&^vv^%^
C-685579,Hydrochloric Acid,P-13770,11/15/2023,41855,$165.00 ,41855,#$%^%^41855######165&^vv^%^
C-685241,Hydrogen Peroxide,P-17889,11/16/2023,65580,$57.89 ,65580,#$%^%^65580######57.89&^vv^%^
C-685865,Hydrogen Peroxide,P-17889,11/17/2023,51376,$57.89 ,51376,#$%^%^51376######57.89&^vv^%^
C-685142,Sodium Hypochlorite,P-14445,11/18/2023,29414,$45.00 ,29414,#$%^%^29414######45&^vv^%^
C-685160,Sodium Hypochlorite,P-14445,11/19/2023,31692,$45.00 ,31692,#$%^%^31692######45&^vv^%^
C-685371,Isopropyl Alcohol,P-15586,11/20/2023,9443,$154.74 ,9443,#$%^%^9443######154.74&^vv^%^
C-685530,Sodium Hydroxide,P-12810,11/21/2023,54563,$76.86 ,54563,#$%^%^54563######76.86&^vv^%^
C-685131,Isopropyl Alcohol,P-15586,11/22/2023,34004,$154.74 ,34004,#$%^%^34004######154.74&^vv^%^
C-109827,Sodium Hydroxide,P-12810,11/23/2023,7436,$76.86 ,7436,#$%^%^7436######76.86&^vv^%^
C-685126,Glycol Ethers,P-16484,11/24/2023,15053,$89.46 ,15053,#$%^%^15053######89.46&^vv^%^
C-685601,Hydrogen Peroxide,P-17889,11/25/2023,62538,$57.89 ,62538,#$%^%^62538######57.89&^vv^%^
C-685310,Sodium Hypochlorite,P-14445,11/26/2023,35191,$45.00 ,35191,#$%^%^35191######45&^vv^%^
C-685423,Hydrochloric Acid,P-13770,11/27/2023,24518,$165.00 ,24518,#$%^%^24518######165&^vv^%^
C-685746,Sodium Hydroxide,P-12810,11/28/2023,41127,$76.86 ,41127,#$%^%^41127######76.86&^vv^%^
C-685098,Sodium Hydroxide,P-12810,11/29/2023,64305,$76.86 ,64305,#$%^%^64305######76.86&^vv^%^
C-685724,Sodium Hypochlorite,P-14445,11/30/2023,54758,$45.00 ,54758,#$%^%^54758######45&^vv^%^
C-685230,Sodium Hydroxide,P-12810,12/1/2023,49050,$76.86 ,49050,#$%^%^49050######76.86&^vv^%^
C-685352,Sodium Hypochlorite,P-14445,12/2/2023,58443,$45.00 ,58443,#$%^%^58443######45&^vv^%^
C-685603,Hydrochloric Acid,P-13770,12/3/2023,18987,$165.00 ,18987,#$%^%^18987######165&^vv^%^
C-685223,Hydrogen Peroxide,P-17889,12/4/2023,65299,$57.89 ,65299,#$%^%^65299######57.89&^vv^%^
C-685474,Glycol Ethers,P-16484,12/5/2023,14810,$89.46 ,14810,#$%^%^14810######89.46&^vv^%^
C-685496,Sodium Hypochlorite,P-14445,12/6/2023,49714,$45.00 ,49714,#$%^%^49714######45&^vv^%^
C-685848,Sodium Hydroxide,P-12810,12/7/2023,66601,$76.86 ,66601,#$%^%^66601######76.86&^vv^%^
C-685322,Sodium Hypochlorite,P-14445,12/8/2023,14895,$45.00 ,14895,#$%^%^14895######45&^vv^%^
C-685112,Sodium Hypochlorite,P-14445,12/9/2023,47229,$45.00 ,47229,#$%^%^47229######45&^vv^%^
C-685832,Sodium Hypochlorite,P-14445,12/10/2023,42761,$45.00 ,42761,#$%^%^42761######45&^vv^%^
C-685850,Sodium Hypochlorite,P-14445,12/11/2023,19467,$45.00 ,19467,#$%^%^19467######45&^vv^%^
C-685433,Hydrogen Peroxide,P-17889,12/12/2023,8618,$57.89 ,8618,#$%^%^8618######57.89&^vv^%^
C-685338,Sodium Hydroxide,P-12810,12/13/2023,14216,$76.86 ,14216,#$%^%^14216######76.86&^vv^%^
C-685076,Sodium Hypochlorite,P-14445,12/14/2023,22693,$45.00 ,22693,#$%^%^22693######45&^vv^%^
C-685102,Glycol Ethers,P-16484,12/15/2023,7243,$89.46 ,7243,#$%^%^7243######89.46&^vv^%^
C-685454,Sodium Hypochlorite,P-14445,12/16/2023,52715,$45.00 ,52715,#$%^%^52715######45&^vv^%^
C-685331,Hydrogen Peroxide,P-17889,12/17/2023,25574,$57.89 ,25574,#$%^%^25574######57.89&^vv^%^
C-685896,Sodium Hydroxide,P-12810,12/18/2023,64666,$76.86 ,64666,#$%^%^64666######76.86&^vv^%^
C-684962,Sodium Hypochlorite,,12/19/2023,35053,$45.00 ,35053,#$%^%^35053######45&^vv^%^
C-685102,Glycol Ethers,P-16484,12/20/2023,15090,$89.46 ,15090,#$%^%^15090######89.46&^vv^%^
C-685717,Hydrochloric Acid,P-13770,12/21/2023,7992,$165.00 ,7992,#$%^%^7992######165&^vv^%^
C-685709,Hydrogen Peroxide,P-17889,12/22/2023,28880,$57.89 ,28880,#$%^%^28880######57.89&^vv^%^
C-685662,Sodium Hydroxide,P-12810,12/23/2023,60104,$76.86 ,60104,#$%^%^60104######76.86&^vv^%^
C-685676,Sodium Hypochlorite,P-14445,12/24/2023,49958,$45.00 ,49958,#$%^%^49958######45&^vv^%^
C-685285,Hydrochloric Acid,P-13770,12/25/2023,39935,$165.00 ,39935,#$%^%^39935######165&^vv^%^
C-685779,Isopropyl Alcohol,P-15586,12/26/2023,63426,$154.74 ,63426,#$%^%^63426######154.74&^vv^%^
C-685533,Isopropyl Alcohol,P-15586,12/27/2023,38218,$154.74 ,38218,#$%^%^38218######154.74&^vv^%^
C-685470,Sodium Hydroxide,P-12810,12/28/2023,1759,$76.86 ,1759,#$%^%^1759######76.86&^vv^%^
C-685154,Sodium Hypochlorite,P-14445,12/29/2023,22487,$45.00 ,22487,#$%^%^22487######45&^vv^%^
C-685493,Hydrogen Peroxide,P-17889,12/30/2023,12662,$57.89 ,12662,#$%^%^12662######57.89&^vv^%^
C-685930,Glycol Ethers,P-16484,12/31/2023,7964,$89.46 ,7964,#$%^%^7964######89.46&^vv^%^
C-685622,Sodium Hypochlorite,P-14445,1/1/2024,11430,$45.00 ,11430,#$%^%^11430######45&^vv^%^
C-685179,Isopropyl Alcohol,P-15586,1/2/2024,60319,$154.74 ,60319,#$%^%^60319######154.74&^vv^%^
C-685800,Sodium Hydroxide,P-12810,1/3/2024,51058,$76.86 ,51058,#$%^%^51058######76.86&^vv^%^
C-685646,Sodium Hypochlorite,P-14445,1/4/2024,55277,$45.00 ,55277,#$%^%^55277######45&^vv^%^
C-685354,Glycol Ethers,P-16484,1/5/2024,59130,$89.46 ,59130,#$%^%^59130######89.46&^vv^%^
C-685108,Glycol Ethers,P-16484,1/6/2024,66897,$89.46 ,66897,#$%^%^66897######89.46&^vv^%^
C-685094,Sodium Hypochlorite,P-14445,1/7/2024,49065,$45.00 ,49065,#$%^%^49065######45&^vv^%^
C-685109,Hydrogen Peroxide,P-17889,1/8/2024,17637,$57.89 ,17637,#$%^%^17637######57.89&^vv^%^
C-685541,Hydrogen Peroxide,P-17889,1/9/2024,3778,$57.89 ,3778,#$%^%^3778######57.89&^vv^%^
C-685114,Glycol Ethers,P-16484,1/10/2024,21302,$89.46 ,21302,#$%^%^21302######89.46&^vv^%^
C-685652,Sodium Hypochlorite,P-14445,1/11/2024,41337,$45.00 ,41337,#$%^%^41337######45&^vv^%^
C-685022,Sodium Hypochlorite,P-14445,1/12/2024,24262,$45.00 ,24262,#$%^%^24262######45&^vv^%^
C-685945,Hydrochloric Acid,P-13770,1/13/2024,38529,$165.00 ,38529,#$%^%^38529######165&^vv^%^
C-685671,Isopropyl Alcohol,P-15586,1/14/2024,63786,$154.74 ,63786,#$%^%^63786######154.74&^vv^%^
C-685182,Sodium Hydroxide,P-12810,1/15/2024,16660,$76.86 ,16660,#$%^%^16660######76.86&^vv^%^
C-685566,Sodium Hydroxide,P-12810,1/16/2024,51271,$76.86 ,51271,#$%^%^51271######76.86&^vv^%^
C-685914,Sodium Hypochlorite,P-14445,1/17/2024,53902,$45.00 ,53902,#$%^%^53902######45&^vv^%^
C-685647,Isopropyl Alcohol,P-15586,1/18/2024,41818,$154.74 ,41818,#$%^%^41818######154.74&^vv^%^
C-685378,Glycol Ethers,P-16484,1/19/2024,6637,$89.46 ,6637,#$%^%^6637######89.46&^vv^%^
C-684984,Sodium Hydroxide,P-12810,1/20/2024,34448,$76.86 ,34448,#$%^%^34448######76.86&^vv^%^
C-685363,Hydrochloric Acid,P-13770,1/21/2024,15619,$165.00 ,15619,#$%^%^15619######165&^vv^%^
C-685597,Hydrochloric Acid,P-13770,1/22/2024,39112,$165.00 ,39112,#$%^%^39112######165&^vv^%^
C-685063,Hydrochloric Acid,P-13770,1/23/2024,22109,$165.00 ,22109,#$%^%^22109######165&^vv^%^
C-685760,Sodium Hypochlorite,P-14445,1/24/2024,27309,$45.00 ,27309,#$%^%^27309######45&^vv^%^
C-685049,Hydrogen Peroxide,P-17889,1/25/2024,39902,$57.89 ,39902,#$%^%^39902######57.89&^vv^%^
C-685659,Isopropyl Alcohol,P-15586,1/26/2024,22162,$154.74 ,22162,#$%^%^22162######154.74&^vv^%^
C-685102,Glycol Ethers,P-16484,1/27/2024,66113,$89.46 ,66113,#$%^%^66113######89.46&^vv^%^
C-685381,Hydrochloric Acid,P-13770,1/28/2024,24373,$165.00 ,24373,#$%^%^24373######165&^vv^%^
C-685558,Glycol Ethers,P-16484,1/29/2024,54914,$89.46 ,54914,#$%^%^54914######89.46&^vv^%^
C-685422,Sodium Hydroxide,,1/30/2024,56541,$76.86 ,56541,#$%^%^56541######76.86&^vv^%^
C-685794,Sodium Hydroxide,P-12810,1/31/2024,47078,$76.86 ,47078,#$%^%^47078######76.86&^vv^%^
C-685364,Sodium Hypochlorite,P-14445,2/1/2024,34402,$45.00 ,34402,#$%^%^34402######45&^vv^%^
C-685810,Glycol Ethers,P-16484,2/2/2024,60519,$89.46 ,60519,#$%^%^60519######89.46&^vv^%^
C-685698,Sodium Hydroxide,P-12810,2/3/2024,11508,$76.86 ,11508,#$%^%^11508######76.86&^vv^%^
C-685745,Hydrogen Peroxide,P-17889,2/4/2024,20344,$57.89 ,20344,#$%^%^20344######57.89&^vv^%^
C-685102,Glycol Ethers,P-16484,2/5/2024,32240,$89.46 ,32240,#$%^%^32240######89.46&^vv^%^
C-685513,Hydrochloric Acid,P-13770,2/6/2024,62628,$165.00 ,62628,#$%^%^62628######165&^vv^%^
C-685475,Hydrogen Peroxide,P-17889,2/7/2024,11648,$57.89 ,11648,#$%^%^11648######57.89&^vv^%^
C-685644,Sodium Hydroxide,P-12810,2/8/2024,33811,$76.86 ,33811,#$%^%^33811######76.86&^vv^%^
C-685210,Glycol Ethers,P-16484,2/9/2024,11048,$89.46 ,11048,#$%^%^11048######89.46&^vv^%^
C-685191,Isopropyl Alcohol,P-15586,2/10/2024,22050,$154.74 ,22050,#$%^%^22050######154.74&^vv^%^
C-685138,Glycol Ethers,P-16484,2/11/2024,57541,$89.46 ,57541,#$%^%^57541######89.46&^vv^%^
C-685817,Hydrogen Peroxide,P-17889,2/12/2024,52467,$57.89 ,52467,#$%^%^52467######57.89&^vv^%^
C-685654,Glycol Ethers,P-16484,2/13/2024,18081,$89.46 ,18081,#$%^%^18081######89.46&^vv^%^
C-685275,Isopropyl Alcohol,P-15586,2/14/2024,6303,$154.74 ,6303,#$%^%^6303######154.74&^vv^%^
C-685346,Sodium Hypochlorite,,2/15/2024,63505,$45.00 ,63505,#$%^%^63505######45&^vv^%^
C-685330,Glycol Ethers,P-16484,2/16/2024,3728,$89.46 ,3728,#$%^%^3728######89.46&^vv^%^
C-685722,Sodium Hydroxide,P-12810,2/17/2024,8019,$76.86 ,8019,#$%^%^8019######76.86&^vv^%^
C-685891,Hydrochloric Acid,P-13770,2/18/2024,14150,$165.00 ,14150,#$%^%^14150######165&^vv^%^
C-685688,Sodium Hypochlorite,P-14445,2/19/2024,9034,$45.00 ,9034,#$%^%^9034######45&^vv^%^
C-685316,Sodium Hypochlorite,,2/20/2024,40539,$45.00 ,40539,#$%^%^40539######45&^vv^%^
C-684975,Isopropyl Alcohol,P-15586,2/21/2024,32077,$154.74 ,32077,#$%^%^32077######154.74&^vv^%^
C-685227,Isopropyl Alcohol,P-15586,2/22/2024,54745,$154.74 ,54745,#$%^%^54745######154.74&^vv^%^
C-685388,Sodium Hypochlorite,P-14445,2/23/2024,23607,$45.00 ,23607,#$%^%^23607######45&^vv^%^
C-685844,Sodium Hypochlorite,,2/23/2024,8237,$45.00 ,8237,#$%^%^8237######45&^vv^%^
C-685235,Hydrogen Peroxide,P-17889,2/24/2024,60542,$57.89 ,60542,#$%^%^60542######57.89&^vv^%^
C-685344,Sodium Hydroxide,P-12810,2/24/2024,41446,$76.86 ,41446,#$%^%^41446######76.86&^vv^%^
C-685086,Sodium Hydroxide,P-12810,2/25/2024,11466,$76.86 ,11466,#$%^%^11466######76.86&^vv^%^
C-685239,Isopropyl Alcohol,P-15586,2/25/2024,9293,$154.74 ,9293,#$%^%^9293######154.74&^vv^%^
C-685875,Isopropyl Alcohol,P-15586,2/26/2024,45026,$154.74 ,45026,#$%^%^45026######154.74&^vv^%^
C-685178,Sodium Hypochlorite,P-14445,2/26/2024,48111,$45.00 ,48111,#$%^%^48111######45&^vv^%^
C-685366,Glycol Ethers,P-16484,2/27/2024,64062,$89.46 ,64062,#$%^%^64062######89.46&^vv^%^
C-685119,Isopropyl Alcohol,P-15586,2/27/2024,47755,$154.74 ,47755,#$%^%^47755######154.74&^vv^%^
C-685167,Isopropyl Alcohol,P-15586,2/28/2024,62362,$154.74 ,62362,#$%^%^62362######154.74&^vv^%^
C-685370,Sodium Hypochlorite,P-14445,2/28/2024,14890,$45.00 ,14890,#$%^%^14890######45&^vv^%^
C-685781,Hydrogen Peroxide,P-17889,2/29/2024,41105,$57.89 ,41105,#$%^%^41105######57.89&^vv^%^
C-685815,Isopropyl Alcohol,P-15586,2/29/2024,30468,$154.74 ,30468,#$%^%^30468######154.74&^vv^%^
C-685188,Sodium Hydroxide,P-12810,3/1/2024,66078,$76.86 ,66078,#$%^%^66078######76.86&^vv^%^
C-685107,Isopropyl Alcohol,P-15586,3/1/2024,1259,$154.74 ,1259,#$%^%^1259######154.74&^vv^%^
C-685403,Hydrogen Peroxide,P-17889,3/2/2024,69053,$57.89 ,69053,#$%^%^69053######57.89&^vv^%^
C-685725,Isopropyl Alcohol,P-15586,3/2/2024,3353,$154.74 ,3353,#$%^%^3353######154.74&^vv^%^
C-685333,Hydrochloric Acid,P-13770,3/3/2024,39006,$165.00 ,39006,#$%^%^39006######165&^vv^%^
C-684998,Sodium Hypochlorite,P-14445,3/3/2024,6754,$45.00 ,6754,#$%^%^6754######45&^vv^%^
C-685841,Hydrogen Peroxide,P-17889,3/4/2024,28895,$57.89 ,28895,#$%^%^28895######57.89&^vv^%^
C-685058,Sodium Hypochlorite,P-14445,3/4/2024,21161,$45.00 ,21161,#$%^%^21161######45&^vv^%^
C-685593,Isopropyl Alcohol,P-15586,3/5/2024,65755,$154.74 ,65755,#$%^%^65755######154.74&^vv^%^
C-685440,Sodium Hydroxide,P-12810,3/5/2024,53602,$76.86 ,53602,#$%^%^53602######76.86&^vv^%^
C-685785,Isopropyl Alcohol,P-15586,3/6/2024,22633,$154.74 ,22633,#$%^%^22633######154.74&^vv^%^
C-685391,Hydrogen Peroxide,P-17889,3/6/2024,69561,$57.89 ,69561,#$%^%^69561######57.89&^vv^%^
C-685925,Hydrogen Peroxide,P-17889,3/7/2024,51872,$57.89 ,51872,#$%^%^51872######57.89&^vv^%^
C-685952,Sodium Hypochlorite,P-14445,3/7/2024,5365,$45.00 ,5365,#$%^%^5365######45&^vv^%^
C-684974,Sodium Hypochlorite,P-14445,3/8/2024,62165,$45.00 ,62165,#$%^%^62165######45&^vv^%^
C-685823,Hydrogen Peroxide,P-17889,3/8/2024,52235,$57.89 ,52235,#$%^%^52235######57.89&^vv^%^
C-685385,Hydrogen Peroxide,P-17889,3/9/2024,31078,$57.89 ,31078,#$%^%^31078######57.89&^vv^%^
C-685635,Isopropyl Alcohol,P-15586,3/9/2024,25902,$154.74 ,25902,#$%^%^25902######154.74&^vv^%^
C-685695,Isopropyl Alcohol,P-15586,3/10/2024,12062,$154.74 ,12062,#$%^%^12062######154.74&^vv^%^
C-685553,Hydrogen Peroxide,P-17889,3/10/2024,57298,$57.89 ,57298,#$%^%^57298######57.89&^vv^%^
C-685494,Sodium Hydroxide,P-12810,3/11/2024,6293,$76.86 ,6293,#$%^%^6293######76.86&^vv^%^
C-685255,Hydrochloric Acid,P-13770,3/11/2024,28386,$165.00 ,28386,#$%^%^28386######165&^vv^%^
C-685238,Sodium Hypochlorite,P-14445,3/12/2024,11561,$45.00 ,11561,#$%^%^11561######45&^vv^%^
C-685686,Sodium Hydroxide,P-12810,3/12/2024,5511,$76.86 ,5511,#$%^%^5511######76.86&^vv^%^
C-685284,Hydrogen Peroxide,P-17889,3/13/2024,971,$57.89 ,971,#$%^%^971######57.89&^vv^%^
C-685665,Isopropyl Alcohol,P-15586,3/13/2024,45594,$154.74 ,45594,#$%^%^45594######154.74&^vv^%^
C-685399,Hydrochloric Acid,P-13770,3/14/2024,69227,$165.00 ,69227,#$%^%^69227######165&^vv^%^
C-685682,Sodium Hypochlorite,P-14445,3/14/2024,39562,$45.00 ,39562,#$%^%^39562######45&^vv^%^
C-685598,Sodium Hypochlorite,P-14445,3/15/2024,10713,$45.00 ,10713,#$%^%^10713######45&^vv^%^
C-685656,Sodium Hydroxide,P-12810,3/15/2024,57171,$76.86 ,57171,#$%^%^57171######76.86&^vv^%^
C-685596,Sodium Hydroxide,P-12810,3/16/2024,63626,$76.86 ,63626,#$%^%^63626######76.86&^vv^%^
C-685033,Hydrochloric Acid,P-13770,3/16/2024,51678,$165.00 ,51678,#$%^%^51678######165&^vv^%^
C-685102,Glycol Ethers,P-16484,3/17/2024,16934,$89.46 ,16934,#$%^%^16934######89.46&^vv^%^
C-685121,Hydrogen Peroxide,P-17889,3/17/2024,54184,$57.89 ,54184,#$%^%^54184######57.89&^vv^%^
C-684987,Isopropyl Alcohol,P-15586,3/18/2024,60084,$154.74 ,60084,#$%^%^60084######154.74&^vv^%^
C-685157,Hydrogen Peroxide,P-17889,3/18/2024,65818,$57.89 ,65818,#$%^%^65818######57.89&^vv^%^
C-685429,Hydrochloric Acid,P-13770,3/19/2024,49936,$165.00 ,49936,#$%^%^49936######165&^vv^%^
C-685904,Sodium Hypochlorite,P-14445,3/19/2024,3399,$45.00 ,3399,#$%^%^3399######45&^vv^%^
C-685007,Hydrogen Peroxide,P-17889,3/20/2024,55604,$57.89 ,55604,#$%^%^55604######57.89&^vv^%^
C-685847,Hydrogen Peroxide,P-17889,3/20/2024,23865,$57.89 ,23865,#$%^%^23865######57.89&^vv^%^
C-685386,Sodium Hydroxide,P-12810,3/21/2024,25032,$76.86 ,25032,#$%^%^25032######76.86&^vv^%^
C-685272,Sodium Hydroxide,P-12810,3/21/2024,43035,$76.86 ,43035,#$%^%^43035######76.86&^vv^%^
C-685701,Isopropyl Alcohol,P-15586,3/22/2024,18237,$154.74 ,18237,#$%^%^18237######154.74&^vv^%^
C-685195,Hydrochloric Acid,P-13770,3/22/2024,46667,$165.00 ,46667,#$%^%^46667######165&^vv^%^
C-685434,Sodium Hydroxide,P-12810,3/23/2024,33295,$76.86 ,33295,#$%^%^33295######76.86&^vv^%^
C-685819,Hydrochloric Acid,P-13770,3/23/2024,11307,$165.00 ,11307,#$%^%^11307######165&^vv^%^
C-685939,Hydrochloric Acid,P-13770,3/24/2024,17706,$165.00 ,17706,#$%^%^17706######165&^vv^%^
C-685102,Glycol Ethers,P-16484,3/24/2024,19061,$89.46 ,19061,#$%^%^19061######89.46&^vv^%^
C-685317,Isopropyl Alcohol,P-15586,3/25/2024,15263,$154.74 ,15263,#$%^%^15263######154.74&^vv^%^
C-685293,Isopropyl Alcohol,P-15586,3/25/2024,38146,$154.74 ,38146,#$%^%^38146######154.74&^vv^%^
C-685575,Isopropyl Alcohol,P-15586,3/26/2024,38595,$154.74 ,38595,#$%^%^38595######154.74&^vv^%^
C-685637,Hydrogen Peroxide,P-17889,3/26/2024,61219,$57.89 ,61219,#$%^%^61219######57.89&^vv^%^
C-685140,Sodium Hydroxide,P-12810,3/27/2024,57588,$76.86 ,57588,#$%^%^57588######76.86&^vv^%^
C-685505,Hydrogen Peroxide,P-17889,3/27/2024,44419,$57.89 ,44419,#$%^%^44419######57.89&^vv^%^
C-685379,Hydrogen Peroxide,P-17889,3/28/2024,62361,$57.89 ,62361,#$%^%^62361######57.89&^vv^%^
C-684965,Hydrogen Peroxide,P-17889,3/28/2024,54206,$57.89 ,54206,#$%^%^54206######57.89&^vv^%^
C-685295,Hydrogen Peroxide,P-17889,3/29/2024,16443,$57.89 ,16443,#$%^%^16443######57.89&^vv^%^
C-685102,Glycol Ethers,P-16484,3/29/2024,1169,$89.46 ,1169,#$%^%^1169######89.46&^vv^%^
C-685291,Hydrochloric Acid,P-13770,3/30/2024,5326,$165.00 ,5326,#$%^%^5326######165&^vv^%^
C-685908,Sodium Hydroxide,P-12810,3/30/2024,9607,$76.86 ,9607,#$%^%^9607######76.86&^vv^%^
C-685492,Glycol Ethers,P-16484,3/31/2024,48853,$89.46 ,48853,#$%^%^48853######89.46&^vv^%^
C-685409,Hydrogen Peroxide,P-17889,3/31/2024,25743,$57.89 ,25743,#$%^%^25743######57.89&^vv^%^
C-685824,Sodium Hydroxide,P-12810,4/1/2024,6585,$76.86 ,6585,#$%^%^6585######76.86&^vv^%^
C-685368,Sodium Hydroxide,P-12810,4/1/2024,44785,$76.86 ,44785,#$%^%^44785######76.86&^vv^%^
C-685416,Sodium Hydroxide,P-12810,4/2/2024,64075,$76.86 ,64075,#$%^%^64075######76.86&^vv^%^
C-685677,Isopropyl Alcohol,P-15586,4/2/2024,43985,$154.74 ,43985,#$%^%^43985######154.74&^vv^%^
C-685193,Hydrogen Peroxide,P-17889,4/3/2024,64899,$57.89 ,64899,#$%^%^64899######57.89&^vv^%^
C-685222,Glycol Ethers,,4/3/2024,9144,$89.46 ,9144,#$%^%^9144######89.46&^vv^%^
C-685859,Hydrogen Peroxide,P-17889,4/4/2024,15015,$57.89 ,15015,#$%^%^15015######57.89&^vv^%^
C-685683,Isopropyl Alcohol,P-15586,4/4/2024,66237,$154.74 ,66237,#$%^%^66237######154.74&^vv^%^
C-685839,Isopropyl Alcohol,P-15586,4/5/2024,28233,$154.74 ,28233,#$%^%^28233######154.74&^vv^%^
C-684996,Sodium Hydroxide,P-12810,4/5/2024,27634,$76.86 ,27634,#$%^%^27634######76.86&^vv^%^
C-685442,Sodium Hypochlorite,P-14445,4/6/2024,49818,$45.00 ,49818,#$%^%^49818######45&^vv^%^
C-685700,Sodium Hypochlorite,P-14445,4/6/2024,40391,$45.00 ,40391,#$%^%^40391######45&^vv^%^
C-685158,Sodium Hydroxide,P-12810,4/7/2024,12087,$76.86 ,12087,#$%^%^12087######76.86&^vv^%^
C-685376,Sodium Hypochlorite,P-14445,4/7/2024,29325,$45.00 ,29325,#$%^%^29325######45&^vv^%^
C-685010,Sodium Hypochlorite,P-14445,4/8/2024,23302,$45.00 ,23302,#$%^%^23302######45&^vv^%^
C-685705,Hydrochloric Acid,P-13770,4/8/2024,46133,$165.00 ,46133,#$%^%^46133######165&^vv^%^
C-685163,Hydrogen Peroxide,P-17889,4/9/2024,2969,$57.89 ,2969,#$%^%^2969######57.89&^vv^%^
C-685065,Isopropyl Alcohol,P-15586,4/9/2024,47112,$154.74 ,47112,#$%^%^47112######154.74&^vv^%^
C-685744,Glycol Ethers,P-16484,4/10/2024,44681,$89.46 ,44681,#$%^%^44681######89.46&^vv^%^
C-685168,Glycol Ethers,P-16484,4/10/2024,12800,$89.46 ,12800,#$%^%^12800######89.46&^vv^%^
C-685866,Sodium Hydroxide,P-12810,4/11/2024,54564,$76.86 ,54564,#$%^%^54564######76.86&^vv^%^
C-685016,Sodium Hypochlorite,P-14445,4/11/2024,30882,$45.00 ,30882,#$%^%^30882######45&^vv^%^
C-685262,Sodium Hypochlorite,P-14445,4/12/2024,36041,$45.00 ,36041,#$%^%^36041######45&^vv^%^
C-684967,Hydrochloric Acid,P-13770,4/12/2024,49612,$165.00 ,49612,#$%^%^49612######165&^vv^%^
C-685214,Sodium Hypochlorite,P-14445,4/13/2024,1233,$45.00 ,1233,#$%^%^1233######45&^vv^%^
C-685020,Sodium Hydroxide,P-12810,4/13/2024,18802,$76.86 ,18802,#$%^%^18802######76.86&^vv^%^
C-685560,Sodium Hydroxide,P-12810,4/14/2024,2518,$76.86 ,2518,#$%^%^2518######76.86&^vv^%^
C-685253,Hydrogen Peroxide,P-17889,4/14/2024,53083,$57.89 ,53083,#$%^%^53083######57.89&^vv^%^
C-685567,Hydrochloric Acid,P-13770,4/15/2024,54432,$165.00 ,54432,#$%^%^54432######165&^vv^%^
C-685228,Glycol Ethers,P-16484,4/15/2024,20697,$89.46 ,20697,#$%^%^20697######89.46&^vv^%^
C-685914,Sodium Hydroxide,P-12810,4/16/2024,69436,$76.86 ,69436,#$%^%^69436######76.86&^vv^%^
C-685117,Hydrochloric Acid,P-13770,4/16/2024,63301,$165.00 ,63301,#$%^%^63301######165&^vv^%^
C-685435,Hydrochloric Acid,P-13770,4/17/2024,8152,$165.00 ,8152,#$%^%^8152######165&^vv^%^
C-685205,Hydrogen Peroxide,P-17889,4/17/2024,43905,$57.89 ,43905,#$%^%^43905######57.89&^vv^%^
C-685645,Hydrochloric Acid,P-13770,4/18/2024,55696,$165.00 ,55696,#$%^%^55696######165&^vv^%^
C-685482,Sodium Hydroxide,P-12810,4/18/2024,16679,$76.86 ,16679,#$%^%^16679######76.86&^vv^%^
C-685942,Glycol Ethers,P-16484,4/19/2024,40979,$89.46 ,40979,#$%^%^40979######89.46&^vv^%^
C-685480,Glycol Ethers,P-16484,4/19/2024,1824,$89.46 ,1824,#$%^%^1824######89.46&^vv^%^
C-684958,Glycol Ethers,P-16484,4/20/2024,45805,$89.46 ,45805,#$%^%^45805######89.46&^vv^%^
C-684960,Sodium Hydroxide,P-12810,4/20/2024,57794,$76.86 ,57794,#$%^%^57794######76.86&^vv^%^
C-685152,Sodium Hydroxide,P-12810,4/21/2024,52840,$76.86 ,52840,#$%^%^52840######76.86&^vv^%^
C-685464,Sodium Hydroxide,P-12810,4/21/2024,53209,$76.86 ,53209,#$%^%^53209######76.86&^vv^%^
C-685102,Glycol Ethers,P-16484,4/22/2024,24698,$89.46 ,24698,#$%^%^24698######89.46&^vv^%^
C-685887,Isopropyl Alcohol,P-15586,4/22/2024,30156,$154.74 ,30156,#$%^%^30156######154.74&^vv^%^
C-685164,Sodium Hydroxide,P-12810,4/23/2024,7947,$76.86 ,7947,#$%^%^7947######76.86&^vv^%^
C-685572,Sodium Hydroxide,P-12810,4/23/2024,58801,$76.86 ,58801,#$%^%^58801######76.86&^vv^%^
C-685393,Hydrochloric Acid,P-13770,4/24/2024,25430,$165.00 ,25430,#$%^%^25430######165&^vv^%^
C-685264,Glycol Ethers,P-16484,4/24/2024,46347,$89.46 ,46347,#$%^%^46347######89.46&^vv^%^
C-685225,Hydrochloric Acid,P-13770,4/25/2024,47579,$165.00 ,47579,#$%^%^47579######165&^vv^%^
C-685612,Glycol Ethers,P-16484,4/25/2024,32777,$89.46 ,32777,#$%^%^32777######89.46&^vv^%^
C-685071,Isopropyl Alcohol,P-15586,4/26/2024,54534,$154.74 ,54534,#$%^%^54534######154.74&^vv^%^
C-685788,Sodium Hydroxide,P-12810,4/26/2024,51867,$76.86 ,51867,#$%^%^51867######76.86&^vv^%^
C-685488,Sodium Hydroxide,P-12810,4/27/2024,2994,$76.86 ,2994,#$%^%^2994######76.86&^vv^%^
C-685043,Hydrogen Peroxide,P-17889,4/27/2024,67592,$57.89 ,67592,#$%^%^67592######57.89&^vv^%^
C-685583,Hydrogen Peroxide,P-17889,4/28/2024,32909,$57.89 ,32909,#$%^%^32909######57.89&^vv^%^
C-685681,Hydrochloric Acid,P-13770,4/28/2024,6727,$165.00 ,6727,#$%^%^6727######165&^vv^%^
C-685753,Hydrochloric Acid,P-13770,4/29/2024,28368,$165.00 ,28368,#$%^%^28368######165&^vv^%^
C-685599,Isopropyl Alcohol,P-15586,4/29/2024,13647,$154.74 ,13647,#$%^%^13647######154.74&^vv^%^
C-685015,Hydrochloric Acid,P-13770,4/30/2024,65276,$165.00 ,65276,#$%^%^65276######165&^vv^%^
C-685783,Hydrochloric Acid,P-13770,4/30/2024,48795,$165.00 ,48795,#$%^%^48795######165&^vv^%^
C-685797,Isopropyl Alcohol,P-15586,5/1/2024,41629,$154.74 ,41629,#$%^%^41629######154.74&^vv^%^
C-685521,Isopropyl Alcohol,P-15586,5/1/2024,29995,$154.74 ,29995,#$%^%^29995######154.74&^vv^%^
C-685758,Sodium Hydroxide,P-12810,5/2/2024,65600,$76.86 ,65600,#$%^%^65600######76.86&^vv^%^
C-685256,Sodium Hypochlorite,P-14445,5/2/2024,40204,$45.00 ,40204,#$%^%^40204######45&^vv^%^
C-685444,Glycol Ethers,P-16484,5/3/2024,25334,$89.46 ,25334,#$%^%^25334######89.46&^vv^%^
C-685451,Hydrogen Peroxide,P-17889,5/3/2024,11168,$57.89 ,11168,#$%^%^11168######57.89&^vv^%^
C-685748,Sodium Hypochlorite,P-14445,5/4/2024,66714,$45.00 ,66714,#$%^%^66714######45&^vv^%^
C-685595,Hydrogen Peroxide,P-17889,5/4/2024,25294,$57.89 ,25294,#$%^%^25294######57.89&^vv^%^
C-685463,Hydrogen Peroxide,P-17889,5/5/2024,35131,$57.89 ,35131,#$%^%^35131######57.89&^vv^%^
C-685608,Sodium Hydroxide,P-12810,5/5/2024,769,$76.86 ,769,#$%^%^769######76.86&^vv^%^
C-685704,Sodium Hydroxide,P-12810,5/6/2024,52192,$76.86 ,52192,#$%^%^52192######76.86&^vv^%^
C-685733,Hydrogen Peroxide,P-17889,5/6/2024,45883,$57.89 ,45883,#$%^%^45883######57.89&^vv^%^
C-685585,Hydrochloric Acid,P-13770,5/7/2024,31069,$165.00 ,31069,#$%^%^31069######165&^vv^%^
C-685543,Hydrochloric Acid,P-13770,5/7/2024,33550,$165.00 ,33550,#$%^%^33550######165&^vv^%^
C-685822,Glycol Ethers,P-16484,5/8/2024,44342,$89.46 ,44342,#$%^%^44342######89.46&^vv^%^
C-685012,Glycol Ethers,P-16484,5/8/2024,50796,$89.46 ,50796,#$%^%^50796######89.46&^vv^%^
C-685602,Sodium Hydroxide,P-12810,5/9/2024,9110,$76.86 ,9110,#$%^%^9110######76.86&^vv^%^
C-685846,Glycol Ethers,P-16484,5/9/2024,30816,$89.46 ,30816,#$%^%^30816######89.46&^vv^%^
C-685910,Sodium Hypochlorite,P-14445,5/10/2024,65813,$45.00 ,65813,#$%^%^65813######45&^vv^%^
C-685538,Sodium Hypochlorite,P-14445,5/10/2024,36189,$45.00 ,36189,#$%^%^36189######45&^vv^%^
C-685577,Hydrogen Peroxide,P-17889,5/11/2024,28894,$57.89 ,28894,#$%^%^28894######57.89&^vv^%^
C-685849,Hydrochloric Acid,P-13770,5/11/2024,4107,$165.00 ,4107,#$%^%^4107######165&^vv^%^
C-685764,Sodium Hydroxide,P-12810,5/12/2024,40268,$76.86 ,40268,#$%^%^40268######76.86&^vv^%^
C-685803,Isopropyl Alcohol,P-15586,5/12/2024,29225,$154.74 ,29225,#$%^%^29225######154.74&^vv^%^
C-685057,Hydrochloric Acid,P-13770,5/13/2024,49248,$165.00 ,49248,#$%^%^49248######165&^vv^%^
C-685707,Isopropyl Alcohol,P-15586,5/13/2024,17088,$154.74 ,17088,#$%^%^17088######154.74&^vv^%^
C-685920,Sodium Hydroxide,P-12810,5/14/2024,6353,$76.86 ,6353,#$%^%^6353######76.86&^vv^%^
C-685576,Glycol Ethers,P-16484,5/14/2024,43370,$89.46 ,43370,#$%^%^43370######89.46&^vv^%^
C-684992,Sodium Hypochlorite,P-14445,5/15/2024,1787,$45.00 ,1787,#$%^%^1787######45&^vv^%^
C-684993,Isopropyl Alcohol,P-15586,5/15/2024,10505,$154.74 ,10505,#$%^%^10505######154.74&^vv^%^
C-685309,Hydrochloric Acid,P-13770,5/16/2024,7576,$165.00 ,7576,#$%^%^7576######165&^vv^%^
C-685132,Glycol Ethers,P-16484,5/16/2024,54758,$89.46 ,54758,#$%^%^54758######89.46&^vv^%^
C-685512,Sodium Hydroxide,P-12810,5/17/2024,42363,$76.86 ,42363,#$%^%^42363######76.86&^vv^%^
C-685895,Hydrogen Peroxide,P-17889,5/17/2024,44785,$57.89 ,44785,#$%^%^44785######57.89&^vv^%^
C-685721,Hydrogen Peroxide,P-17889,5/18/2024,6350,$57.89 ,6350,#$%^%^6350######57.89&^vv^%^
C-685504,Glycol Ethers,P-16484,5/18/2024,44184,$89.46 ,44184,#$%^%^44184######89.46&^vv^%^
C-685762,Glycol Ethers,P-16484,5/19/2024,24394,$89.46 ,24394,#$%^%^24394######89.46&^vv^%^
C-685713,Isopropyl Alcohol,P-15586,5/19/2024,12226,$154.74 ,12226,#$%^%^12226######154.74&^vv^%^
C-685467,Isopropyl Alcohol,P-15586,5/20/2024,53602,$154.74 ,53602,#$%^%^53602######154.74&^vv^%^
C-685515,Isopropyl Alcohol,P-15586,5/20/2024,12864,$154.74 ,12864,#$%^%^12864######154.74&^vv^%^
C-685667,Hydrogen Peroxide,P-17889,5/21/2024,7334,$57.89 ,7334,#$%^%^7334######57.89&^vv^%^
C-685660,Glycol Ethers,P-16484,5/21/2024,36059,$89.46 ,36059,#$%^%^36059######89.46&^vv^%^
C-685506,Sodium Hydroxide,P-12810,5/22/2024,60901,$76.86 ,60901,#$%^%^60901######76.86&^vv^%^
C-685611,Isopropyl Alcohol,P-15586,5/22/2024,65581,$154.74 ,65581,#$%^%^65581######154.74&^vv^%^
C-685538,Sodium Hypochlorite,P-14445,5/23/2024,35210,$45.00 ,35210,#$%^%^35210######45&^vv^%^
C-685735,Hydrochloric Acid,P-13770,5/24/2024,29833,$165.00 ,29833,#$%^%^29833######165&^vv^%^
C-685052,Sodium Hypochlorite,,5/25/2024,19400,$45.00 ,19400,#$%^%^19400######45&^vv^%^
C-685162,Glycol Ethers,P-16484,5/26/2024,10425,$89.46 ,10425,#$%^%^10425######89.46&^vv^%^
C-685342,Glycol Ethers,P-16484,5/27/2024,65889,$89.46 ,65889,#$%^%^65889######89.46&^vv^%^
C-685202,Sodium Hypochlorite,P-14445,5/28/2024,49905,$45.00 ,49905,#$%^%^49905######45&^vv^%^
C-685915,Hydrochloric Acid,P-13770,5/29/2024,15944,$165.00 ,15944,#$%^%^15944######165&^vv^%^
C-685269,Isopropyl Alcohol,P-15586,5/30/2024,44349,$154.74 ,44349,#$%^%^44349######154.74&^vv^%^
C-685605,Isopropyl Alcohol,P-15586,5/31/2024,69451,$154.74 ,69451,#$%^%^69451######154.74&^vv^%^
C-685539,Isopropyl Alcohol,P-15586,6/1/2024,4000,$154.74 ,4000,#$%^%^4000######154.74&^vv^%^
C-685362,Sodium Hydroxide,P-12810,6/2/2024,18575,$76.86 ,18575,#$%^%^18575######76.86&^vv^%^
C-685218,Sodium Hydroxide,P-12810,6/3/2024,53030,$76.86 ,53030,#$%^%^53030######76.86&^vv^%^
C-685473,Isopropyl Alcohol,P-15586,6/4/2024,4500,$154.74 ,4500,#$%^%^4500######154.74&^vv^%^
C-685004,Sodium Hypochlorite,P-14445,6/5/2024,65387,$45.00 ,65387,#$%^%^65387######45&^vv^%^
C-685630,Glycol Ethers,P-16484,6/6/2024,8073,$89.46 ,8073,#$%^%^8073######89.46&^vv^%^
C-685664,Sodium Hypochlorite,P-14445,6/7/2024,60928,$45.00 ,60928,#$%^%^60928######45&^vv^%^
C-685427,Hydrogen Peroxide,P-17889,6/8/2024,4733,$57.89 ,4733,#$%^%^4733######57.89&^vv^%^
C-685127,Hydrogen Peroxide,P-17889,6/9/2024,34384,$57.89 ,34384,#$%^%^34384######57.89&^vv^%^
C-685935,Isopropyl Alcohol,,6/10/2024,23028,$154.74 ,23028,#$%^%^23028######154.74&^vv^%^
C-685236,Sodium Hydroxide,P-12810,6/11/2024,58040,$76.86 ,58040,#$%^%^58040######76.86&^vv^%^
C-685538,Sodium Hypochlorite,P-14445,6/12/2024,24193,$45.00 ,24193,#$%^%^24193######45&^vv^%^
C-685247,Hydrogen Peroxide,P-17889,6/13/2024,49202,$57.89 ,49202,#$%^%^49202######57.89&^vv^%^
C-685730,Sodium Hypochlorite,P-14445,6/14/2024,10752,$45.00 ,10752,#$%^%^10752######45&^vv^%^
C-685798,Glycol Ethers,P-16484,6/15/2024,64097,$89.46 ,64097,#$%^%^64097######89.46&^vv^%^
C-684983,Hydrogen Peroxide,P-17889,6/16/2024,64858,$57.89 ,64858,#$%^%^64858######57.89&^vv^%^
C-685534,Glycol Ethers,P-16484,6/17/2024,28336,$89.46 ,28336,#$%^%^28336######89.46&^vv^%^
C-685151,Hydrogen Peroxide,P-17889,6/18/2024,9596,$57.89 ,9596,#$%^%^9596######57.89&^vv^%^
C-685548,Sodium Hydroxide,,6/19/2024,32500,$76.86 ,32500,#$%^%^32500######76.86&^vv^%^
C-685321,Hydrochloric Acid,P-13770,6/20/2024,19786,$165.00 ,19786,#$%^%^19786######165&^vv^%^
C-685240,Glycol Ethers,P-16484,6/21/2024,51385,$89.46 ,51385,#$%^%^51385######89.46&^vv^%^
C-685263,Isopropyl Alcohol,P-15586,6/22/2024,46509,$154.74 ,46509,#$%^%^46509######154.74&^vv^%^
C-685398,Sodium Hydroxide,P-12810,6/23/2024,66648,$76.86 ,66648,#$%^%^66648######76.86&^vv^%^
C-685862,Sodium Hypochlorite,P-14445,6/24/2024,16191,$45.00 ,16191,#$%^%^16191######45&^vv^%^
C-685914,Sodium Hypochlorite,P-14445,6/25/2024,59105,$45.00 ,59105,#$%^%^59105######45&^vv^%^
C-685438,Glycol Ethers,P-16484,6/26/2024,4831,$89.46 ,4831,#$%^%^4831######89.46&^vv^%^
C-685284,Hydrogen Peroxide,P-17889,6/27/2024,1323,$57.89 ,1323,#$%^%^1323######57.89&^vv^%^
